Issue ID,Parent,Issue Type,Summary,Description,Priority,Labels,Labels,Labels,Component,Assignee,Reporter,Story point estimate,Original Estimate,Sprint,Start date,Due date,Fix Version,Status
1001,,Epic,FND: Foundation & Shared Platform,"Goal: A shared, multi-tenant platform base that all three products build on, so nothing is written twice. | Track: School Management. | Done when: reviewed, unit and integration tested, acceptance criteria met, documentation updated, deployed to staging, QA signed off, no open P1 or P2 defects.",Highest,school-management,epic,phase1,Foundation & Shared Platform,SD1,project-lead,8,129600,Sprint 1,14/Sep/26,27/Jan/27,SMS-MVP-1.0,To Do
1002,,Epic,SMS-SIS: School MMS - Admissions & Student Info,"Goal: A school can be set up and every student and staff record loaded from their existing spreadsheets in under a day. | Track: School Management. | Done when: reviewed, unit and integration tested, acceptance criteria met, documentation updated, deployed to staging, QA signed off, no open P1 or P2 defects.",High,school-management,epic,phase1,School MMS - Admissions & Student Info,SD1,project-lead,10,144000,Sprint 1,15/Sep/26,24/Sep/26,SMS-MVP-1.0,To Do
1003,,Epic,SMS-ATT: School MMS - Attendance,"Goal: A teacher marks a full class in under 30 seconds and the parent knows about an absence the same day. | Track: School Management. | Done when: reviewed, unit and integration tested, acceptance criteria met, documentation updated, deployed to staging, QA signed off, no open P1 or P2 defects.",High,school-management,epic,phase1,School MMS - Attendance,SD2,project-lead,6,86400,Sprint 2,23/Sep/26,25/Sep/26,SMS-MVP-1.0,To Do
1004,,Epic,SMS-FEE: School MMS - Fees & Payments,"Goal: Every rupee collected is receipted, reconciled and traceable, and the office can find any payment in seconds. | Track: School Management. | Done when: reviewed, unit and integration tested, acceptance criteria met, documentation updated, deployed to staging, QA signed off, no open P1 or P2 defects.",High,school-management,epic,phase1,School MMS - Fees & Payments,SD2,project-lead,6,86400,Sprint 2,24/Sep/26,06/Oct/26,SMS-MVP-1.0,To Do
1005,,Epic,SMS-EXM: School MMS - Exams & Report Cards,"Goal: Marks go in once and a CBSE-format report card comes out correct, branded and ready to print. | Track: School Management. | Done when: reviewed, unit and integration tested, acceptance criteria met, documentation updated, deployed to staging, QA signed off, no open P1 or P2 defects.",High,school-management,epic,phase1,School MMS - Exams & Report Cards,SD2,project-lead,4,57600,Sprint 3,01/Oct/26,05/Oct/26,SMS-MVP-1.0,To Do
1006,,Epic,"SMS-PRT: School MMS - Timetable, Portal & Comms","Goal: Parents and students see attendance, fees, marks and circulars without calling the school office. | Track: School Management. | Done when: reviewed, unit and integration tested, acceptance criteria met, documentation updated, deployed to staging, QA signed off, no open P1 or P2 defects.",High,school-management,epic,phase1,School MMS - Timetable; Portal & Comms,SD1,project-lead,8,129600,Sprint 4,12/Oct/26,08/Jan/27,SMS-MVP-1.0,To Do
1007,,Epic,CMP: DPDP Compliance & Child Data Safety,"Goal: Verifiable parental consent and a full audit trail are in the product before the first child record exists. | Track: School Management. | Done when: reviewed, unit and integration tested, acceptance criteria met, documentation updated, deployed to staging, QA signed off, no open P1 or P2 defects.",High,school-management,epic,phase1,DPDP Compliance & Child Data Safety,JD2,project-lead,10,216000,Sprint 3,01/Oct/26,21/Dec/26,SMS-MVP-1.0,To Do
1008,,Epic,PLT: Pilot School & Rollout,"Goal: One real school runs on the product, with migrated data, trained staff and a signed go-live. | Track: School Management. | Done when: reviewed, unit and integration tested, acceptance criteria met, documentation updated, deployed to staging, QA signed off, no open P1 or P2 defects.",Highest,school-management,epic,phase1,Pilot School & Rollout,JD2,project-lead,24,403200,Sprint 1,14/Sep/26,12/Jan/27,SMS-MVP-1.0,To Do
1009,,Epic,QBK: Question Bank Platform,"Goal: One question bank that stores every exam format cleanly, with review state and versioning on every item. | Track: Question Paper Gen. | Done when: reviewed, unit and integration tested, acceptance criteria met, documentation updated, deployed to staging, QA signed off, no open P1 or P2 defects.",Highest,question-paper-gen,epic,phase1,Question Bank Platform,SD1,project-lead,6,86400,Sprint 4,09/Oct/26,12/Oct/26,QPG-1.0,To Do
1010,,Epic,QPG: Question Paper Generator,"Goal: A teacher turns a blueprint into a branded, multi-set question paper with answer keys in minutes. | Track: Question Paper Gen. | Done when: reviewed, unit and integration tested, acceptance criteria met, documentation updated, deployed to staging, QA signed off, no open P1 or P2 defects.",High,question-paper-gen,epic,phase1,Question Paper Generator,SD2,project-lead,12,187200,Sprint 5,23/Oct/26,29/Oct/26,QPG-1.0,To Do
1011,,Epic,AIG: AI Question Generation Pipeline,"Goal: AI drafts questions at volume and a human approves them, with every numerical answer independently verified. | Track: Question Paper Gen. | Done when: reviewed, unit and integration tested, acceptance criteria met, documentation updated, deployed to staging, QA signed off, no open P1 or P2 defects.",High,question-paper-gen,epic,phase1,AI Question Generation Pipeline,SD2,project-lead,6,129600,Sprint 4,14/Oct/26,30/Oct/26,QPG-1.0,To Do
1012,,Epic,ASM: Assessment Engine Core,"Goal: One engine that runs any exam as configuration, so adding a new exam costs days rather than weeks. | Track: Assessment Tool. | Done when: reviewed, unit and integration tested, acceptance criteria met, documentation updated, deployed to staging, QA signed off, no open P1 or P2 defects.",Highest,assessment-tool,epic,phase1,Assessment Engine Core,SD2,project-lead,22,316800,Sprint 6,04/Nov/26,27/Nov/26,ASSESS-1.0,To Do
1013,,Epic,EXC: Exam Configurations (JEE/GATE/NET),"Goal: JEE Main, JEE Advanced, GATE CS/DA/EC and UGC-NET all run correctly as configuration on the shared engine. | Track: Assessment Tool. | Done when: reviewed, unit and integration tested, acceptance criteria met, documentation updated, deployed to staging, QA signed off, no open P1 or P2 defects.",High,assessment-tool,epic,phase1,Exam Configurations (JEE/GATE/NET),SD2,project-lead,6,86400,Sprint 7,18/Nov/26,25/Nov/26,ASSESS-1.0,To Do
1014,,Epic,CNT: Content Production & Review,"Goal: Enough verified, correctly tagged questions per exam that a student can sit a realistic full-length mock. | Track: Assessment Tool. | Done when: reviewed, unit and integration tested, acceptance criteria met, documentation updated, deployed to staging, QA signed off, no open P1 or P2 defects.",Highest,assessment-tool,epic,phase1,Content Production & Review,JD2,project-lead,62,1310400,Sprint 1,17/Sep/26,28/Jan/27,ASSESS-1.0,To Do
1015,,Epic,RND: Research & Engine Design,"Goal: Every exam rule is understood and written down before code is written, so the engine is designed once. | Track: Assessment Tool. | Done when: reviewed, unit and integration tested, acceptance criteria met, documentation updated, deployed to staging, QA signed off, no open P1 or P2 defects.",High,assessment-tool,epic,phase1,Research & Engine Design,SD1,project-lead,14,273600,Sprint 1,17/Sep/26,27/Jan/27,ASSESS-1.0,To Do
1016,,Epic,"QAT: QA, Security & Performance","Goal: Nothing reaches a school or a student untested, and a regression run gives confidence to ship any day. | Track: Cross-cutting. | Done when: reviewed, unit and integration tested, acceptance criteria met, documentation updated, deployed to staging, QA signed off, no open P1 or P2 defects.",High,cross-cutting,epic,phase1,QA; Security & Performance,SD1,project-lead,48,950400,Sprint 1,14/Sep/26,01/Feb/27,SMS-MVP-1.0,To Do
1017,,Epic,INF: DevOps & Infrastructure,"Goal: Deploy and roll back in one command, with monitoring and a restore that has actually been tested. | Track: Cross-cutting. | Done when: reviewed, unit and integration tested, acceptance criteria met, documentation updated, deployed to staging, QA signed off, no open P1 or P2 defects.",High,cross-cutting,epic,phase1,DevOps & Infrastructure,JD1,project-lead,27,460800,Sprint 1,14/Sep/26,01/Feb/27,SMS-MVP-1.0,To Do
1018,,Epic,"HND: Handover, Docs & Hypercare","Goal: The customer can run the product without us, and we can support them when they cannot. | Track: Cross-cutting. | Done when: reviewed, unit and integration tested, acceptance criteria met, documentation updated, deployed to staging, QA signed off, no open P1 or P2 defects.",High,cross-cutting,epic,phase1,Handover; Docs & Hypercare,SD1,project-lead,25,475200,Sprint 8,25/Nov/26,19/Jan/27,SMS-MVP-1.0,To Do
1019,,Epic,MOB: Phase 2 - Mobile (vibe coding),"Goal: The web products run as real mobile apps, built from the same logic layer rather than rewritten. | Track: Mobile. | Done when: reviewed, unit and integration tested, acceptance criteria met, documentation updated, deployed to staging, QA signed off, no open P1 or P2 defects.",High,mobile,epic,phase2,Phase 2 - Mobile (vibe coding),SD2,project-lead,50,950400,Sprint 9,03/Dec/26,28/Jan/27,MOBILE-1.0,To Do
1020,1017,Task,"INF: Git repo, branching model and CI pipeline","Goal: Trunk-based with short-lived branches, PR checks, lint + unit tests on every push. | Epic goal: Deploy and roll back in one command, with monitoring and a restore that has actually been tested. | Sprint goal (Sprint 1): Foundation, SIS schema, pilot school outreach, content benchmark. | Done when: reviewed, unit and integration tested, acceptance criteria met, documentation updated, deployed to staging, QA signed off, no open P1 or P2 defects.",Highest,cross-cutting,devops-qa,phase1,DevOps & Infrastructure,JD1,project-lead,2,28800,Sprint 1,14/Sep/26,14/Sep/26,SMS-MVP-1.0,To Do
1021,1017,Task,"INF: Provision dev, staging and production environments","Goal: Infrastructure as code. Identical config across environments so pilot issues reproduce. | Epic goal: Deploy and roll back in one command, with monitoring and a restore that has actually been tested. | Sprint goal (Sprint 1): Foundation, SIS schema, pilot school outreach, content benchmark. | Done when: reviewed, unit and integration tested, acceptance criteria met, documentation updated, deployed to staging, QA signed off, no open P1 or P2 defects.",Highest,cross-cutting,devops-qa,phase1,DevOps & Infrastructure,JD1,project-lead,2,43200,Sprint 1,15/Sep/26,16/Sep/26,SMS-MVP-1.0,To Do
1022,1017,Task,"INF: Monitoring, logging, alerting and automated backups","Goal: Uptime and error alerting plus nightly encrypted backups with a tested restore. | Epic goal: Deploy and roll back in one command, with monitoring and a restore that has actually been tested. | Sprint goal (Sprint 1): Foundation, SIS schema, pilot school outreach, content benchmark. | Done when: reviewed, unit and integration tested, acceptance criteria met, documentation updated, deployed to staging, QA signed off, no open P1 or P2 defects.",Highest,cross-cutting,devops-qa,phase1,DevOps & Infrastructure,JD1,project-lead,2,28800,Sprint 1,16/Sep/26,17/Sep/26,SMS-MVP-1.0,To Do
1023,1014,Task,CNT: Benchmark content review throughput (items per reviewer per day),"Goal: Measure this in week 1. Reviewed-question throughput, not code, is the most likely thing to gate the assessment tool. Size every content batch backwards from this number. | Epic goal: Enough verified, correctly tagged questions per exam that a student can sit a realistic full-length mock. | Sprint goal (Sprint 1): Foundation, SIS schema, pilot school outreach, content benchmark. | Done when: reviewed, unit and integration tested, acceptance criteria met, documentation updated, deployed to staging, QA signed off, no open P1 or P2 defects.",Highest,assessment-tool,devops-qa,phase1,Content Production & Review,JD1,project-lead,2,43200,Sprint 1,17/Sep/26,18/Sep/26,ASSESS-1.0,To Do
1024,1016,Task,QAT: Test strategy and Definition of Done,"Goal: DoD: reviewed, unit + integration tested, acceptance criteria met, docs updated, deployed to staging, QA signed, no open P1/P2. | Epic goal: Nothing reaches a school or a student untested, and a regression run gives confidence to ship any day. | Sprint goal (Sprint 1): Foundation, SIS schema, pilot school outreach, content benchmark. | Done when: reviewed, unit and integration tested, acceptance criteria met, documentation updated, deployed to staging, QA signed off, no open P1 or P2 defects.",High,cross-cutting,research-content,phase1,QA; Security & Performance,JD2,project-lead,1,14400,Sprint 1,14/Sep/26,14/Sep/26,SMS-MVP-1.0,To Do
1025,1008,Story,"PLT: Identify, pitch and sign the pilot school","Goal: CRITICAL PATH. No pilot school is lined up. Target signed LOI by end of Sprint 2. If not secured by end of Sprint 2, run UAT on internal data and treat the pilot as a fast-follow. | Epic goal: One real school runs on the product, with migrated data, trained staff and a signed go-live. | Sprint goal (Sprint 1): Foundation, SIS schema, pilot school outreach, content benchmark. | Done when: reviewed, unit and integration tested, acceptance criteria met, documentation updated, deployed to staging, QA signed off, no open P1 or P2 defects.",Highest,school-management,research-content,phase1,Pilot School & Rollout,JD2,project-lead,3,57600,Sprint 1,14/Sep/26,16/Sep/26,SMS-MVP-1.0,To Do
1026,1001,Story,"FND: Extend shared auth, RBAC and tenant model for all three products","Goal: Reuse the existing common base. Add role-based access (admin, teacher, office, parent, student, examiner) and a tenant boundary so school, QPG and assessment data stay separated. Done when a user in one tenant cannot read another tenant's data. | Epic goal: A shared, multi-tenant platform base that all three products build on, so nothing is written twice. | Sprint goal (Sprint 1): Foundation, SIS schema, pilot school outreach, content benchmark. | Done when: reviewed, unit and integration tested, acceptance criteria met, documentation updated, deployed to staging, QA signed off, no open P1 or P2 defects.",Highest,school-management,backend,phase1,Foundation & Shared Platform,SD1,project-lead,2,28800,Sprint 1,14/Sep/26,14/Sep/26,SMS-MVP-1.0,To Do
1027,1002,Story,"SMS-SIS: Student, staff, class and academic-year data model + migrations","Goal: Core schema for the school MVP. Freeze this early - after the pilot starts, schema changes move to Phase 2. | Epic goal: A school can be set up and every student and staff record loaded from their existing spreadsheets in under a day. | Sprint goal (Sprint 1): Foundation, SIS schema, pilot school outreach, content benchmark. | Done when: reviewed, unit and integration tested, acceptance criteria met, documentation updated, deployed to staging, QA signed off, no open P1 or P2 defects.",Highest,school-management,backend,phase1,School MMS - Admissions & Student Info,SD1,project-lead,2,28800,Sprint 1,15/Sep/26,15/Sep/26,SMS-MVP-1.0,To Do
1028,1002,Story,"SMS-SIS: Class, section and academic-year setup screens","Goal: School setup wizard so a new school can be configured in under an hour. | Epic goal: A school can be set up and every student and staff record loaded from their existing spreadsheets in under a day. | Sprint goal (Sprint 1): Foundation, SIS schema, pilot school outreach, content benchmark. | Done when: reviewed, unit and integration tested, acceptance criteria met, documentation updated, deployed to staging, QA signed off, no open P1 or P2 defects.",High,school-management,backend,phase1,School MMS - Admissions & Student Info,SD1,project-lead,2,28800,Sprint 1,16/Sep/26,16/Sep/26,SMS-MVP-1.0,To Do
1029,1015,Task,RND: Audit the NEET engine - what is reusable vs what is new,"Goal: The NEET tool (built 1-30 Aug 2026) handles single-correct MCQ with +4/-1 only. Produce the capability gap list that drives the assessment engine design. | Epic goal: Every exam rule is understood and written down before code is written, so the engine is designed once. | Sprint goal (Sprint 1): Foundation, SIS schema, pilot school outreach, content benchmark. | Done when: reviewed, unit and integration tested, acceptance criteria met, documentation updated, deployed to staging, QA signed off, no open P1 or P2 defects.",Highest,assessment-tool,backend,phase1,Research & Engine Design,SD1,project-lead,2,43200,Sprint 1,17/Sep/26,18/Sep/26,ASSESS-1.0,To Do
1030,1001,Story,"FND: Shared API gateway, error contract and audit logging","Goal: One gateway, one error shape, request/response audit log with actor and tenant. Feeds DPDP consent audit later. | Epic goal: A shared, multi-tenant platform base that all three products build on, so nothing is written twice. | Sprint goal (Sprint 1): Foundation, SIS schema, pilot school outreach, content benchmark. | Done when: reviewed, unit and integration tested, acceptance criteria met, documentation updated, deployed to staging, QA signed off, no open P1 or P2 defects.",Highest,school-management,frontend,phase1,Foundation & Shared Platform,SD2,project-lead,2,28800,Sprint 1,14/Sep/26,14/Sep/26,SMS-MVP-1.0,To Do
1031,1001,Story,FND: Design system and shared UI component library,"Goal: Tokens, typography, form controls, tables, modals. Built in React + TypeScript so Phase 2 React Native can reuse the logic layer. | Epic goal: A shared, multi-tenant platform base that all three products build on, so nothing is written twice. | Sprint goal (Sprint 1): Foundation, SIS schema, pilot school outreach, content benchmark. | Done when: reviewed, unit and integration tested, acceptance criteria met, documentation updated, deployed to staging, QA signed off, no open P1 or P2 defects.",Highest,school-management,frontend,phase1,Foundation & Shared Platform,SD2,project-lead,2,28800,Sprint 1,15/Sep/26,15/Sep/26,SMS-MVP-1.0,To Do
1032,1002,Story,SMS-SIS: Admission enquiry and admission workflow UI,"Goal: Enquiry capture, application, document upload, approve/reject, admission number generation. | Epic goal: A school can be set up and every student and staff record loaded from their existing spreadsheets in under a day. | Sprint goal (Sprint 1): Foundation, SIS schema, pilot school outreach, content benchmark. | Done when: reviewed, unit and integration tested, acceptance criteria met, documentation updated, deployed to staging, QA signed off, no open P1 or P2 defects.",Highest,school-management,frontend,phase1,School MMS - Admissions & Student Info,SD2,project-lead,2,28800,Sprint 1,16/Sep/26,16/Sep/26,SMS-MVP-1.0,To Do
1033,1015,Task,RND: Exam pattern research - JEE Main and JEE Advanced marking rules,"Goal: JEE Main: 75Q/300M, MCQ + numerical, +4/-1. JEE Advanced: variable pattern shown on screen at exam time - single-correct, multi-correct with partial marking, integer/NAT, match-list, paragraph. Validate against official bulletins. | Epic goal: Every exam rule is understood and written down before code is written, so the engine is designed once. | Sprint goal (Sprint 1): Foundation, SIS schema, pilot school outreach, content benchmark. | Done when: reviewed, unit and integration tested, acceptance criteria met, documentation updated, deployed to staging, QA signed off, no open P1 or P2 defects.",Highest,assessment-tool,frontend,phase1,Research & Engine Design,SD2,project-lead,2,43200,Sprint 1,17/Sep/26,18/Sep/26,ASSESS-1.0,To Do
1034,1016,Task,"QAT: Test cases - admissions, student info, attendance","Goal: Cover happy path, bulk import edge cases and role permissions. | Epic goal: Nothing reaches a school or a student untested, and a regression run gives confidence to ship any day. | Sprint goal (Sprint 2): SIS + attendance working end-to-end; question-bank schema agreed. | Done when: reviewed, unit and integration tested, acceptance criteria met, documentation updated, deployed to staging, QA signed off, no open P1 or P2 defects.",High,cross-cutting,devops-qa,phase1,QA; Security & Performance,JD1,project-lead,3,57600,Sprint 2,23/Sep/26,24/Sep/26,SMS-MVP-1.0,To Do
1035,1016,Task,QAT: Functional test cycle 1 and defect logging,"Goal: Log defects in Jira against the originating story. | Epic goal: Nothing reaches a school or a student untested, and a regression run gives confidence to ship any day. | Sprint goal (Sprint 2): SIS + attendance working end-to-end; question-bank schema agreed. | Done when: reviewed, unit and integration tested, acceptance criteria met, documentation updated, deployed to staging, QA signed off, no open P1 or P2 defects.",High,cross-cutting,devops-qa,phase1,QA; Security & Performance,JD1,project-lead,2,28800,Sprint 2,25/Sep/26,25/Sep/26,SMS-MVP-1.0,To Do
1036,1017,Task,INF: Automated deployment and rollback scripts,"Goal: One-command deploy and one-command rollback. Needed before any pilot data exists. | Epic goal: Deploy and roll back in one command, with monitoring and a restore that has actually been tested. | Sprint goal (Sprint 2): SIS + attendance working end-to-end; question-bank schema agreed. | Done when: reviewed, unit and integration tested, acceptance criteria met, documentation updated, deployed to staging, QA signed off, no open P1 or P2 defects.",Highest,cross-cutting,devops-qa,phase1,DevOps & Infrastructure,JD1,project-lead,2,28800,Sprint 2,28/Sep/26,28/Sep/26,SMS-MVP-1.0,To Do
1037,1015,Task,RND: Multi-exam question bank schema proposal and tagging taxonomy,"Goal: Question-type discriminator, exam/subject/unit/topic/difficulty/Bloom tags, versioning, passage-to-child links, LaTeX + media references. This is the single most important design decision in the plan. | Epic goal: Every exam rule is understood and written down before code is written, so the engine is designed once. | Sprint goal (Sprint 2): SIS + attendance working end-to-end; question-bank schema agreed. | Done when: reviewed, unit and integration tested, acceptance criteria met, documentation updated, deployed to staging, QA signed off, no open P1 or P2 defects.",Highest,assessment-tool,research-content,phase1,Research & Engine Design,JD2,project-lead,3,57600,Sprint 2,23/Sep/26,24/Sep/26,ASSESS-1.0,To Do
1038,1002,Story,SMS-SIS: Student and staff CRUD APIs + bulk import from spreadsheet,"Goal: Schools arrive with Excel. Import with column mapping, validation report and a dry run before commit. Target 99.5% accuracy on master data. | Epic goal: A school can be set up and every student and staff record loaded from their existing spreadsheets in under a day. | Sprint goal (Sprint 2): SIS + attendance working end-to-end; question-bank schema agreed. | Done when: reviewed, unit and integration tested, acceptance criteria met, documentation updated, deployed to staging, QA signed off, no open P1 or P2 defects.",Highest,school-management,backend,phase1,School MMS - Admissions & Student Info,SD1,project-lead,2,28800,Sprint 2,23/Sep/26,23/Sep/26,SMS-MVP-1.0,To Do
1039,1004,Story,"SMS-FEE: Fee heads, fee structure and assignment API","Goal: Custom heads, term-wise structure, concessions, per-class assignment. | Epic goal: Every rupee collected is receipted, reconciled and traceable, and the office can find any payment in seconds. | Sprint goal (Sprint 2): SIS + attendance working end-to-end; question-bank schema agreed. | Done when: reviewed, unit and integration tested, acceptance criteria met, documentation updated, deployed to staging, QA signed off, no open P1 or P2 defects.",Highest,school-management,backend,phase1,School MMS - Fees & Payments,SD1,project-lead,2,28800,Sprint 2,24/Sep/26,24/Sep/26,SMS-MVP-1.0,To Do
1040,1003,Story,SMS-ATT: Parent absence notification trigger,"Goal: Same-day absence alert to parent. Highest-value feature for parent adoption. | Epic goal: A teacher marks a full class in under 30 seconds and the parent knows about an absence the same day. | Sprint goal (Sprint 2): SIS + attendance working end-to-end; question-bank schema agreed. | Done when: reviewed, unit and integration tested, acceptance criteria met, documentation updated, deployed to staging, QA signed off, no open P1 or P2 defects.",High,school-management,backend,phase1,School MMS - Attendance,SD1,project-lead,2,28800,Sprint 2,25/Sep/26,25/Sep/26,SMS-MVP-1.0,To Do
1041,1015,Task,"RND: Exam pattern research - GATE (CS, DA, EC) and UGC-NET","Goal: GATE: 65Q/100M, MCQ (-1/3 and -2/3), MSQ (no negative, no partial), NAT (no negative), virtual calculator. UGC-NET: Paper 1 50Q + Paper 2 100Q, +2/0, no negative. GATE 2027 is IIT Madras, 6-21 Feb 2027. | Epic goal: Every exam rule is understood and written down before code is written, so the engine is designed once. | Sprint goal (Sprint 2): SIS + attendance working end-to-end; question-bank schema agreed. | Done when: reviewed, unit and integration tested, acceptance criteria met, documentation updated, deployed to staging, QA signed off, no open P1 or P2 defects.",Highest,assessment-tool,backend,phase1,Research & Engine Design,SD1,project-lead,2,43200,Sprint 2,28/Sep/26,29/Sep/26,ASSESS-1.0,To Do
1042,1003,Story,SMS-ATT: Attendance data model and mark-attendance API,"Goal: Per class/section per period, with correction history. | Epic goal: A teacher marks a full class in under 30 seconds and the parent knows about an absence the same day. | Sprint goal (Sprint 2): SIS + attendance working end-to-end; question-bank schema agreed. | Done when: reviewed, unit and integration tested, acceptance criteria met, documentation updated, deployed to staging, QA signed off, no open P1 or P2 defects.",Highest,school-management,frontend,phase1,School MMS - Attendance,SD2,project-lead,2,28800,Sprint 2,23/Sep/26,23/Sep/26,SMS-MVP-1.0,To Do
1043,1002,Story,SMS-SIS: Student and staff profile screens + bulk import UI,"Goal: Mapping screen, validation errors inline, downloadable error report. | Epic goal: A school can be set up and every student and staff record loaded from their existing spreadsheets in under a day. | Sprint goal (Sprint 2): SIS + attendance working end-to-end; question-bank schema agreed. | Done when: reviewed, unit and integration tested, acceptance criteria met, documentation updated, deployed to staging, QA signed off, no open P1 or P2 defects.",Highest,school-management,frontend,phase1,School MMS - Admissions & Student Info,SD2,project-lead,2,28800,Sprint 2,24/Sep/26,24/Sep/26,SMS-MVP-1.0,To Do
1044,1003,Story,SMS-ATT: Mark attendance UI and attendance reports,"Goal: Fast bulk marking - a teacher should mark a class in under 30 seconds. Daily, monthly and defaulter reports. | Epic goal: A teacher marks a full class in under 30 seconds and the parent knows about an absence the same day. | Sprint goal (Sprint 2): SIS + attendance working end-to-end; question-bank schema agreed. | Done when: reviewed, unit and integration tested, acceptance criteria met, documentation updated, deployed to staging, QA signed off, no open P1 or P2 defects.",Highest,school-management,frontend,phase1,School MMS - Attendance,SD2,project-lead,2,28800,Sprint 2,25/Sep/26,25/Sep/26,SMS-MVP-1.0,To Do
1045,1014,Task,CNT: Content style guide and review rubric,"Goal: What a reviewer checks: answer correctness, syllabus tag, difficulty, distractor quality, LaTeX/diagram, originality. Turns review into a repeatable rate. | Epic goal: Enough verified, correctly tagged questions per exam that a student can sit a realistic full-length mock. | Sprint goal (Sprint 2): SIS + attendance working end-to-end; question-bank schema agreed. | Done when: reviewed, unit and integration tested, acceptance criteria met, documentation updated, deployed to staging, QA signed off, no open P1 or P2 defects.",High,assessment-tool,frontend,phase1,Content Production & Review,SD2,project-lead,2,43200,Sprint 2,28/Sep/26,29/Sep/26,ASSESS-1.0,To Do
1046,1016,Task,QAT: Payment gateway sandbox and reconciliation testing,"Goal: Failed payment, duplicate payment, partial payment, refund. | Epic goal: Nothing reaches a school or a student untested, and a regression run gives confidence to ship any day. | Sprint goal (Sprint 3): Fees, exams & report cards; DPDP consent design; JEE syllabus mapped. | Done when: reviewed, unit and integration tested, acceptance criteria met, documentation updated, deployed to staging, QA signed off, no open P1 or P2 defects.",Highest,cross-cutting,devops-qa,phase1,QA; Security & Performance,JD1,project-lead,2,28800,Sprint 3,01/Oct/26,01/Oct/26,SMS-MVP-1.0,To Do
1047,1014,Task,CNT: Syllabus mapping - JEE Main and JEE Advanced,"Goal: Unit/topic tree with weightage, mapped to the tagging taxonomy. | Epic goal: Enough verified, correctly tagged questions per exam that a student can sit a realistic full-length mock. | Sprint goal (Sprint 3): Fees, exams & report cards; DPDP consent design; JEE syllabus mapped. | Done when: reviewed, unit and integration tested, acceptance criteria met, documentation updated, deployed to staging, QA signed off, no open P1 or P2 defects.",High,assessment-tool,devops-qa,phase1,Content Production & Review,JD1,project-lead,3,72000,Sprint 3,05/Oct/26,07/Oct/26,ASSESS-1.0,To Do
1048,1007,Task,CMP: DPDP parental consent workflow spec and consent audit design,"Goal: DPDP Act 2023 + Rules 2025: verifiable parental consent before processing a child's data, no behavioural tracking or targeted ads at children. Obligations bite 14 May 2027, penalties up to Rs 200-250 crore. Build consent in, do not retrofit. | Epic goal: Verifiable parental consent and a full audit trail are in the product before the first child record exists. | Sprint goal (Sprint 3): Fees, exams & report cards; DPDP consent design; JEE syllabus mapped. | Done when: reviewed, unit and integration tested, acceptance criteria met, documentation updated, deployed to staging, QA signed off, no open P1 or P2 defects.",Highest,school-management,research-content,phase1,DPDP Compliance & Child Data Safety,JD2,project-lead,3,72000,Sprint 3,01/Oct/26,06/Oct/26,SMS-MVP-1.0,To Do
1049,1005,Story,SMS-EXM: Marks entry UI and CBSE CCE report card generator,"Goal: Report card PDF matching CBSE scholastic + co-scholastic format, with school branding. | Epic goal: Marks go in once and a CBSE-format report card comes out correct, branded and ready to print. | Sprint goal (Sprint 3): Fees, exams & report cards; DPDP consent design; JEE syllabus mapped. | Done when: reviewed, unit and integration tested, acceptance criteria met, documentation updated, deployed to staging, QA signed off, no open P1 or P2 defects.",Highest,school-management,backend,phase1,School MMS - Exams & Report Cards,SD1,project-lead,2,28800,Sprint 3,01/Oct/26,01/Oct/26,SMS-MVP-1.0,To Do
1050,1016,Task,"QAT: Test cases and testing - fees, payments, exams, report cards","Goal: Money and report cards are the two areas where a bug destroys trust with a pilot school. | Epic goal: Nothing reaches a school or a student untested, and a regression run gives confidence to ship any day. | Sprint goal (Sprint 3): Fees, exams & report cards; DPDP consent design; JEE syllabus mapped. | Done when: reviewed, unit and integration tested, acceptance criteria met, documentation updated, deployed to staging, QA signed off, no open P1 or P2 defects.",Highest,cross-cutting,backend,phase1,QA; Security & Performance,SD1,project-lead,3,57600,Sprint 3,05/Oct/26,06/Oct/26,SMS-MVP-1.0,To Do
1051,1017,Task,INF: Staging refresh and seed data set,"Goal: Realistic school-shaped seed data so demos and UAT are meaningful. | Epic goal: Deploy and roll back in one command, with monitoring and a restore that has actually been tested. | Sprint goal (Sprint 3): Fees, exams & report cards; DPDP consent design; JEE syllabus mapped. | Done when: reviewed, unit and integration tested, acceptance criteria met, documentation updated, deployed to staging, QA signed off, no open P1 or P2 defects.",Medium,cross-cutting,backend,phase1,DevOps & Infrastructure,SD1,project-lead,1,14400,Sprint 3,07/Oct/26,07/Oct/26,SMS-MVP-1.0,To Do
1052,1004,Story,SMS-FEE: Invoice/receipt generation and payment gateway integration,"Goal: UPI and card. Idempotent payment handling, reconciliation report, receipt numbering that satisfies an auditor. | Epic goal: Every rupee collected is receipted, reconciled and traceable, and the office can find any payment in seconds. | Sprint goal (Sprint 3): Fees, exams & report cards; DPDP consent design; JEE syllabus mapped. | Done when: reviewed, unit and integration tested, acceptance criteria met, documentation updated, deployed to staging, QA signed off, no open P1 or P2 defects.",Highest,school-management,frontend,phase1,School MMS - Fees & Payments,SD2,project-lead,2,28800,Sprint 3,01/Oct/26,01/Oct/26,SMS-MVP-1.0,To Do
1053,1005,Story,"SMS-EXM: Exam, grading scheme and marks entry API","Goal: Configurable grading (CBSE A1-E scholastic + co-scholastic). Marks locked after publish. | Epic goal: Marks go in once and a CBSE-format report card comes out correct, branded and ready to print. | Sprint goal (Sprint 3): Fees, exams & report cards; DPDP consent design; JEE syllabus mapped. | Done when: reviewed, unit and integration tested, acceptance criteria met, documentation updated, deployed to staging, QA signed off, no open P1 or P2 defects.",Highest,school-management,frontend,phase1,School MMS - Exams & Report Cards,SD2,project-lead,2,28800,Sprint 3,05/Oct/26,05/Oct/26,SMS-MVP-1.0,To Do
1054,1004,Story,"SMS-FEE: Fee collection, receipt and defaulter report UI","Goal: Office staff use this daily - optimise for speed of collection and search. | Epic goal: Every rupee collected is receipted, reconciled and traceable, and the office can find any payment in seconds. | Sprint goal (Sprint 3): Fees, exams & report cards; DPDP consent design; JEE syllabus mapped. | Done when: reviewed, unit and integration tested, acceptance criteria met, documentation updated, deployed to staging, QA signed off, no open P1 or P2 defects.",Highest,school-management,frontend,phase1,School MMS - Fees & Payments,SD2,project-lead,2,28800,Sprint 3,06/Oct/26,06/Oct/26,SMS-MVP-1.0,To Do
1055,1008,Story,"PLT: Pilot school data migration - mapping, validation, test load","Goal: Map, validate, dry-run, then rehearse the full load inside the cutover window before touching production. | Epic goal: One real school runs on the product, with migrated data, trained staff and a signed go-live. | Sprint goal (Sprint 4): SMS feature-complete for pilot; question bank platform built. | Done when: reviewed, unit and integration tested, acceptance criteria met, documentation updated, deployed to staging, QA signed off, no open P1 or P2 defects.",Highest,school-management,devops-qa,phase1,Pilot School & Rollout,JD1,project-lead,5,86400,Sprint 4,09/Oct/26,13/Oct/26,SMS-MVP-1.0,To Do
1056,1016,Task,QAT: Cross-browser and responsive testing,"Goal: Schools run old Windows machines and teachers use phones. | Epic goal: Nothing reaches a school or a student untested, and a regression run gives confidence to ship any day. | Sprint goal (Sprint 4): SMS feature-complete for pilot; question bank platform built. | Done when: reviewed, unit and integration tested, acceptance criteria met, documentation updated, deployed to staging, QA signed off, no open P1 or P2 defects.",High,cross-cutting,research-content,phase1,QA; Security & Performance,JD2,project-lead,2,28800,Sprint 4,09/Oct/26,09/Oct/26,SMS-MVP-1.0,To Do
1057,1014,Task,"CNT: Syllabus mapping - GATE CS, DA and EC","Goal: Note GATE DA excludes OS, Networks, Compilers and Theory of Computation - do not copy the CS tree. | Epic goal: Enough verified, correctly tagged questions per exam that a student can sit a realistic full-length mock. | Sprint goal (Sprint 4): SMS feature-complete for pilot; question bank platform built. | Done when: reviewed, unit and integration tested, acceptance criteria met, documentation updated, deployed to staging, QA signed off, no open P1 or P2 defects.",High,assessment-tool,research-content,phase1,Content Production & Review,JD2,project-lead,2,43200,Sprint 4,12/Oct/26,13/Oct/26,ASSESS-1.0,To Do
1058,1009,Story,"QBK: Multi-exam question schema - types, tagging, versioning","Goal: Implements the approved taxonomy: single-correct, multi-correct, MSQ, NAT/integer, match-list, paragraph set. Immutable versions with review state. | Epic goal: One question bank that stores every exam format cleanly, with review state and versioning on every item. | Sprint goal (Sprint 4): SMS feature-complete for pilot; question bank platform built. | Done when: reviewed, unit and integration tested, acceptance criteria met, documentation updated, deployed to staging, QA signed off, no open P1 or P2 defects.",Highest,question-paper-gen,backend,phase1,Question Bank Platform,SD1,project-lead,2,28800,Sprint 4,09/Oct/26,09/Oct/26,QPG-1.0,To Do
1059,1009,Story,QBK: Question CRUD and review workflow API (draft -> review -> approved),"Goal: Human-in-the-loop is mandatory for AI-generated items. Nothing reaches a paper or test without an approved state. | Epic goal: One question bank that stores every exam format cleanly, with review state and versioning on every item. | Sprint goal (Sprint 4): SMS feature-complete for pilot; question bank platform built. | Done when: reviewed, unit and integration tested, acceptance criteria met, documentation updated, deployed to staging, QA signed off, no open P1 or P2 defects.",Highest,question-paper-gen,backend,phase1,Question Bank Platform,SD1,project-lead,2,28800,Sprint 4,12/Oct/26,12/Oct/26,QPG-1.0,To Do
1060,1006,Story,SMS-PRT: Parent and student portal,"Goal: Attendance, fees, marks, circulars. Web responsive - becomes the mobile app in Phase 2. | Epic goal: Parents and students see attendance, fees, marks and circulars without calling the school office. | Sprint goal (Sprint 4): SMS feature-complete for pilot; question bank platform built. | Done when: reviewed, unit and integration tested, acceptance criteria met, documentation updated, deployed to staging, QA signed off, no open P1 or P2 defects.",Highest,school-management,backend,phase1,School MMS - Timetable; Portal & Comms,SD1,project-lead,2,28800,Sprint 4,13/Oct/26,13/Oct/26,SMS-MVP-1.0,To Do
1061,1016,Task,QAT: Automated regression suite - School MMS core,"Goal: Protects the frozen core once the pilot starts. | Epic goal: Nothing reaches a school or a student untested, and a regression run gives confidence to ship any day. | Sprint goal (Sprint 4): SMS feature-complete for pilot; question bank platform built. | Done when: reviewed, unit and integration tested, acceptance criteria met, documentation updated, deployed to staging, QA signed off, no open P1 or P2 defects.",Highest,cross-cutting,backend,phase1,QA; Security & Performance,SD1,project-lead,3,57600,Sprint 4,14/Oct/26,15/Oct/26,SMS-MVP-1.0,To Do
1062,1009,Story,QBK: Duplicate detection plus bulk import and export,"Goal: Near-duplicate detection on stem similarity. Prevents the same question appearing twice in one paper. | Epic goal: One question bank that stores every exam format cleanly, with review state and versioning on every item. | Sprint goal (Sprint 4): SMS feature-complete for pilot; question bank platform built. | Done when: reviewed, unit and integration tested, acceptance criteria met, documentation updated, deployed to staging, QA signed off, no open P1 or P2 defects.",High,question-paper-gen,frontend,phase1,Question Bank Platform,SD2,project-lead,2,28800,Sprint 4,09/Oct/26,09/Oct/26,QPG-1.0,To Do
1063,1006,Story,SMS-PRT: Basic timetable builder,"Goal: Manual builder with clash warnings. Auto-scheduling is explicitly Phase 2. | Epic goal: Parents and students see attendance, fees, marks and circulars without calling the school office. | Sprint goal (Sprint 4): SMS feature-complete for pilot; question bank platform built. | Done when: reviewed, unit and integration tested, acceptance criteria met, documentation updated, deployed to staging, QA signed off, no open P1 or P2 defects.",High,school-management,frontend,phase1,School MMS - Timetable; Portal & Comms,SD2,project-lead,2,28800,Sprint 4,12/Oct/26,12/Oct/26,SMS-MVP-1.0,To Do
1064,1006,Story,"SMS-PRT: Notifications, circulars and role-based dashboards","Goal: Email/SMS now, WhatsApp Business API deferred to Phase 2. | Epic goal: Parents and students see attendance, fees, marks and circulars without calling the school office. | Sprint goal (Sprint 4): SMS feature-complete for pilot; question bank platform built. | Done when: reviewed, unit and integration tested, acceptance criteria met, documentation updated, deployed to staging, QA signed off, no open P1 or P2 defects.",High,school-management,frontend,phase1,School MMS - Timetable; Portal & Comms,SD2,project-lead,2,28800,Sprint 4,13/Oct/26,13/Oct/26,SMS-MVP-1.0,To Do
1065,1011,Story,AIG: RAG pipeline and syllabus-grounded prompt templates,"Goal: Constrain generation to the mapped syllabus. Separate the question-generation and answer-generation steps to cut hallucination. | Epic goal: AI drafts questions at volume and a human approves them, with every numerical answer independently verified. | Sprint goal (Sprint 4): SMS feature-complete for pilot; question bank platform built. | Done when: reviewed, unit and integration tested, acceptance criteria met, documentation updated, deployed to staging, QA signed off, no open P1 or P2 defects.",Highest,question-paper-gen,frontend,phase1,AI Question Generation Pipeline,SD2,project-lead,2,43200,Sprint 4,14/Oct/26,15/Oct/26,QPG-1.0,To Do
1066,1011,Story,AIG: Answer verification pass (solver / second-model check),"Goal: Numerical and multi-correct answers need independent verification. Fluent output is confidently wrong often enough to matter. | Epic goal: AI drafts questions at volume and a human approves them, with every numerical answer independently verified. | Sprint goal (Sprint 4): SMS feature-complete for pilot; question bank platform built. | Done when: reviewed, unit and integration tested, acceptance criteria met, documentation updated, deployed to staging, QA signed off, no open P1 or P2 defects.",Highest,question-paper-gen,frontend,phase1,AI Question Generation Pipeline,SD2,project-lead,2,43200,Sprint 4,15/Oct/26,16/Oct/26,QPG-1.0,To Do
1067,1008,Story,PLT: Pilot UAT support and defect triage,"Goal: Daily triage during pilot UAT. P1 acknowledged in 30 minutes, resolved in 4 hours. | Epic goal: One real school runs on the product, with migrated data, trained staff and a signed go-live. | Sprint goal (Sprint 5): Pilot go-live; Question Paper Generator core. | Done when: reviewed, unit and integration tested, acceptance criteria met, documentation updated, deployed to staging, QA signed off, no open P1 or P2 defects.",Highest,school-management,devops-qa,phase1,Pilot School & Rollout,JD1,project-lead,5,86400,Sprint 5,23/Oct/26,27/Oct/26,SMS-MVP-1.0,To Do
1068,1008,Story,PLT: Admin and teacher training delivery at the pilot school,"Goal: Train on the school's own migrated data, not demo data. Role-based sessions for admin, teachers and office staff. | Epic goal: One real school runs on the product, with migrated data, trained staff and a signed go-live. | Sprint goal (Sprint 5): Pilot go-live; Question Paper Generator core. | Done when: reviewed, unit and integration tested, acceptance criteria met, documentation updated, deployed to staging, QA signed off, no open P1 or P2 defects.",Highest,school-management,research-content,phase1,Pilot School & Rollout,JD2,project-lead,3,57600,Sprint 5,23/Oct/26,26/Oct/26,SMS-MVP-1.0,To Do
1069,1014,Task,"CNT: Question generation and review - batch 1, JEE Main","Goal: Size the batch from the measured reviewer throughput, not from a wished-for number. | Epic goal: Enough verified, correctly tagged questions per exam that a student can sit a realistic full-length mock. | Sprint goal (Sprint 5): Pilot go-live; Question Paper Generator core. | Done when: reviewed, unit and integration tested, acceptance criteria met, documentation updated, deployed to staging, QA signed off, no open P1 or P2 defects.",Highest,assessment-tool,research-content,phase1,Content Production & Review,JD2,project-lead,3,72000,Sprint 5,27/Oct/26,29/Oct/26,ASSESS-1.0,To Do
1070,1010,Story,QPG: PDF and DOCX export with institute branding,"Goal: Uses the stored Lumen Academy heading and logo for question paper PDFs. | Epic goal: A teacher turns a blueprint into a branded, multi-set question paper with answer keys in minutes. | Sprint goal (Sprint 5): Pilot go-live; Question Paper Generator core. | Done when: reviewed, unit and integration tested, acceptance criteria met, documentation updated, deployed to staging, QA signed off, no open P1 or P2 defects.",High,question-paper-gen,backend,phase1,Question Paper Generator,SD1,project-lead,2,28800,Sprint 5,23/Oct/26,23/Oct/26,QPG-1.0,To Do
1071,1010,Story,QPG: CBSE sample-paper templates and manual question picker,"Goal: Preset templates plus the ability to swap any auto-picked question. | Epic goal: A teacher turns a blueprint into a branded, multi-set question paper with answer keys in minutes. | Sprint goal (Sprint 5): Pilot go-live; Question Paper Generator core. | Done when: reviewed, unit and integration tested, acceptance criteria met, documentation updated, deployed to staging, QA signed off, no open P1 or P2 defects.",Highest,question-paper-gen,backend,phase1,Question Paper Generator,SD1,project-lead,2,28800,Sprint 5,26/Oct/26,26/Oct/26,QPG-1.0,To Do
1072,1016,Task,QAT: School MMS security review and access-control testing,"Goal: Verify a parent cannot read another child's record. Highest-severity risk class in the product. | Epic goal: Nothing reaches a school or a student untested, and a regression run gives confidence to ship any day. | Sprint goal (Sprint 5): Pilot go-live; Question Paper Generator core. | Done when: reviewed, unit and integration tested, acceptance criteria met, documentation updated, deployed to staging, QA signed off, no open P1 or P2 defects.",Highest,cross-cutting,backend,phase1,QA; Security & Performance,SD1,project-lead,3,57600,Sprint 5,27/Oct/26,28/Oct/26,SMS-MVP-1.0,To Do
1073,1014,Task,CNT: Syllabus mapping - UGC-NET Computer Science and Education,"Goal: CS & Applications (code 87) 10 units; Education (code 09) 10 units. | Epic goal: Enough verified, correctly tagged questions per exam that a student can sit a realistic full-length mock. | Sprint goal (Sprint 5): Pilot go-live; Question Paper Generator core. | Done when: reviewed, unit and integration tested, acceptance criteria met, documentation updated, deployed to staging, QA signed off, no open P1 or P2 defects.",High,assessment-tool,backend,phase1,Content Production & Review,SD1,project-lead,2,43200,Sprint 5,29/Oct/26,30/Oct/26,ASSESS-1.0,To Do
1074,1010,Story,QPG: Paper generation algorithm with blueprint enforcement,"Goal: Given a blueprint (sections, marks, difficulty mix, chapter weightage), select questions that satisfy every constraint or explain precisely which constraint cannot be met. | Epic goal: A teacher turns a blueprint into a branded, multi-set question paper with answer keys in minutes. | Sprint goal (Sprint 5): Pilot go-live; Question Paper Generator core. | Done when: reviewed, unit and integration tested, acceptance criteria met, documentation updated, deployed to staging, QA signed off, no open P1 or P2 defects.",Highest,question-paper-gen,frontend,phase1,Question Paper Generator,SD2,project-lead,2,43200,Sprint 5,23/Oct/26,26/Oct/26,QPG-1.0,To Do
1075,1010,Story,"QPG: Multiple sets, answer key and marking scheme output","Goal: Shuffled sets A/B/C/D with matching keys, plus step-wise marking scheme. | Epic goal: A teacher turns a blueprint into a branded, multi-set question paper with answer keys in minutes. | Sprint goal (Sprint 5): Pilot go-live; Question Paper Generator core. | Done when: reviewed, unit and integration tested, acceptance criteria met, documentation updated, deployed to staging, QA signed off, no open P1 or P2 defects.",Highest,question-paper-gen,frontend,phase1,Question Paper Generator,SD2,project-lead,2,28800,Sprint 5,26/Oct/26,27/Oct/26,QPG-1.0,To Do
1076,1010,Story,"QPG: Blueprint designer UI - sections, marks, weightage, difficulty","Goal: Teachers think in blueprints, not queries. This screen is the product. | Epic goal: A teacher turns a blueprint into a branded, multi-set question paper with answer keys in minutes. | Sprint goal (Sprint 5): Pilot go-live; Question Paper Generator core. | Done when: reviewed, unit and integration tested, acceptance criteria met, documentation updated, deployed to staging, QA signed off, no open P1 or P2 defects.",Highest,question-paper-gen,frontend,phase1,Question Paper Generator,SD2,project-lead,2,28800,Sprint 5,27/Oct/26,28/Oct/26,QPG-1.0,To Do
1077,1010,Story,QPG: Bloom taxonomy and difficulty analytics view,"Goal: Shows the generated paper's Bloom spread against the intended blueprint. | Epic goal: A teacher turns a blueprint into a branded, multi-set question paper with answer keys in minutes. | Sprint goal (Sprint 5): Pilot go-live; Question Paper Generator core. | Done when: reviewed, unit and integration tested, acceptance criteria met, documentation updated, deployed to staging, QA signed off, no open P1 or P2 defects.",Medium,question-paper-gen,frontend,phase1,Question Paper Generator,SD2,project-lead,2,28800,Sprint 5,28/Oct/26,29/Oct/26,QPG-1.0,To Do
1078,1011,Story,"AIG: Difficulty calibration and auto-tagging (Bloom, topic)","Goal: Auto-tag on generation so reviewers correct rather than author tags. | Epic goal: AI drafts questions at volume and a human approves them, with every numerical answer independently verified. | Sprint goal (Sprint 5): Pilot go-live; Question Paper Generator core. | Done when: reviewed, unit and integration tested, acceptance criteria met, documentation updated, deployed to staging, QA signed off, no open P1 or P2 defects.",High,question-paper-gen,frontend,phase1,AI Question Generation Pipeline,SD2,project-lead,2,43200,Sprint 5,29/Oct/26,30/Oct/26,QPG-1.0,To Do
1079,1016,Task,QAT: QPG test cases and generated-paper validation,"Goal: Validate every generated paper against its blueprint automatically. | Epic goal: Nothing reaches a school or a student untested, and a regression run gives confidence to ship any day. | Sprint goal (Sprint 6): QPG ship-ready; assessment engine core (config + marking). | Done when: reviewed, unit and integration tested, acceptance criteria met, documentation updated, deployed to staging, QA signed off, no open P1 or P2 defects.",Highest,cross-cutting,devops-qa,phase1,QA; Security & Performance,JD1,project-lead,3,57600,Sprint 6,04/Nov/26,05/Nov/26,SMS-MVP-1.0,To Do
1080,1017,Task,INF: Performance baseline and database indexing review,"Goal: Question bank queries are the hot path for both QPG and assessment. | Epic goal: Deploy and roll back in one command, with monitoring and a restore that has actually been tested. | Sprint goal (Sprint 6): QPG ship-ready; assessment engine core (config + marking). | Done when: reviewed, unit and integration tested, acceptance criteria met, documentation updated, deployed to staging, QA signed off, no open P1 or P2 defects.",High,cross-cutting,devops-qa,phase1,DevOps & Infrastructure,JD1,project-lead,2,28800,Sprint 6,06/Nov/26,06/Nov/26,SMS-MVP-1.0,To Do
1081,1014,Task,"CNT: Question generation and review - batch 2, GATE CS / DA / EC","Goal: GATE 2027 is 6-21 Feb 2027, so this content has a hard market window. | Epic goal: Enough verified, correctly tagged questions per exam that a student can sit a realistic full-length mock. | Sprint goal (Sprint 6): QPG ship-ready; assessment engine core (config + marking). | Done when: reviewed, unit and integration tested, acceptance criteria met, documentation updated, deployed to staging, QA signed off, no open P1 or P2 defects.",Highest,assessment-tool,research-content,phase1,Content Production & Review,JD2,project-lead,5,100800,Sprint 6,04/Nov/26,09/Nov/26,ASSESS-1.0,To Do
1082,1012,Story,"ASM: Config-driven exam pattern model (per exam, section and year)","Goal: No exam logic hard-coded. JEE Advanced changes its pattern yearly and reveals it on screen at exam start, so the pattern must be data. | Epic goal: One engine that runs any exam as configuration, so adding a new exam costs days rather than weeks. | Sprint goal (Sprint 6): QPG ship-ready; assessment engine core (config + marking). | Done when: reviewed, unit and integration tested, acceptance criteria met, documentation updated, deployed to staging, QA signed off, no open P1 or P2 defects.",Highest,assessment-tool,backend,phase1,Assessment Engine Core,SD1,project-lead,2,28800,Sprint 6,04/Nov/26,04/Nov/26,ASSESS-1.0,To Do
1083,1012,Story,ASM: Pluggable marking-scheme interpreter,"Goal: One rule object per exam/section/question type carrying correct, incorrect, partial and unattempted values. Covers +4/-1, -1/3, -2/3, no-negative and JEE Advanced partial marking. | Epic goal: One engine that runs any exam as configuration, so adding a new exam costs days rather than weeks. | Sprint goal (Sprint 6): QPG ship-ready; assessment engine core (config + marking). | Done when: reviewed, unit and integration tested, acceptance criteria met, documentation updated, deployed to staging, QA signed off, no open P1 or P2 defects.",Highest,assessment-tool,backend,phase1,Assessment Engine Core,SD1,project-lead,2,28800,Sprint 6,05/Nov/26,05/Nov/26,ASSESS-1.0,To Do
1084,1012,Story,"ASM: Renderers - NAT/integer, match-the-list, paragraph question sets","Goal: Match-list appears in JEE Advanced Paper 1, paragraph sets in Paper 2. | Epic goal: One engine that runs any exam as configuration, so adding a new exam costs days rather than weeks. | Sprint goal (Sprint 6): QPG ship-ready; assessment engine core (config + marking). | Done when: reviewed, unit and integration tested, acceptance criteria met, documentation updated, deployed to staging, QA signed off, no open P1 or P2 defects.",Highest,assessment-tool,backend,phase1,Assessment Engine Core,SD1,project-lead,2,28800,Sprint 6,06/Nov/26,06/Nov/26,ASSESS-1.0,To Do
1085,1016,Task,QAT: Automated regression - QPG and question bank,"Goal: Deliver automated regression - QPG and question bank to the team's definition of done. | Epic goal: Nothing reaches a school or a student untested, and a regression run gives confidence to ship any day. | Sprint goal (Sprint 6): QPG ship-ready; assessment engine core (config + marking). | Done when: reviewed, unit and integration tested, acceptance criteria met, documentation updated, deployed to staging, QA signed off, no open P1 or P2 defects.",High,cross-cutting,backend,phase1,QA; Security & Performance,SD1,project-lead,3,57600,Sprint 6,09/Nov/26,10/Nov/26,SMS-MVP-1.0,To Do
1086,1012,Story,ASM: Numeric / NAT answer evaluation with tolerance ranges,"Goal: Range and precision matching for JEE Main numerical, JEE Advanced NAT and GATE NAT. | Epic goal: One engine that runs any exam as configuration, so adding a new exam costs days rather than weeks. | Sprint goal (Sprint 6): QPG ship-ready; assessment engine core (config + marking). | Done when: reviewed, unit and integration tested, acceptance criteria met, documentation updated, deployed to staging, QA signed off, no open P1 or P2 defects.",Highest,assessment-tool,frontend,phase1,Assessment Engine Core,SD2,project-lead,2,28800,Sprint 6,04/Nov/26,04/Nov/26,ASSESS-1.0,To Do
1087,1012,Story,"ASM: Question-type renderers - MCQ, MSQ, multi-correct with partial marking","Goal: MSQ (GATE) has no negative and no partial. Multi-correct (JEE Advanced) has +1/+2/+3/+4 partial and -2. Different rules, different UI affordances. | Epic goal: One engine that runs any exam as configuration, so adding a new exam costs days rather than weeks. | Sprint goal (Sprint 6): QPG ship-ready; assessment engine core (config + marking). | Done when: reviewed, unit and integration tested, acceptance criteria met, documentation updated, deployed to staging, QA signed off, no open P1 or P2 defects.",Highest,assessment-tool,frontend,phase1,Assessment Engine Core,SD2,project-lead,2,28800,Sprint 6,05/Nov/26,05/Nov/26,ASSESS-1.0,To Do
1088,1012,Story,"ASM: LaTeX and diagram rendering in stem, options and solutions","Goal: Non-negotiable for Physics, Maths and EC circuit questions. | Epic goal: One engine that runs any exam as configuration, so adding a new exam costs days rather than weeks. | Sprint goal (Sprint 6): QPG ship-ready; assessment engine core (config + marking). | Done when: reviewed, unit and integration tested, acceptance criteria met, documentation updated, deployed to staging, QA signed off, no open P1 or P2 defects.",Highest,assessment-tool,frontend,phase1,Assessment Engine Core,SD2,project-lead,2,28800,Sprint 6,06/Nov/26,06/Nov/26,ASSESS-1.0,To Do
1089,1014,Task,CNT: Copyright and provenance check on generated items,"Goal: Do not ingest or reproduce past-paper questions verbatim. Transform and record provenance per item. | Epic goal: Enough verified, correctly tagged questions per exam that a student can sit a realistic full-length mock. | Sprint goal (Sprint 6): QPG ship-ready; assessment engine core (config + marking). | Done when: reviewed, unit and integration tested, acceptance criteria met, documentation updated, deployed to staging, QA signed off, no open P1 or P2 defects.",Highest,assessment-tool,frontend,phase1,Content Production & Review,SD2,project-lead,2,43200,Sprint 6,09/Nov/26,10/Nov/26,ASSESS-1.0,To Do
1090,1007,Task,"CMP: DPDP readiness review, privacy policy and retention schedule","Goal: Consent withdrawal, deletion, retention and the parental-consent audit trail all working before pilot go-live. | Epic goal: Verifiable parental consent and a full audit trail are in the product before the first child record exists. | Sprint goal (Sprint 6): QPG ship-ready; assessment engine core (config + marking). | Done when: reviewed, unit and integration tested, acceptance criteria met, documentation updated, deployed to staging, QA signed off, no open P1 or P2 defects.",Highest,school-management,frontend,phase1,DPDP Compliance & Child Data Safety,SD2,project-lead,2,43200,Sprint 6,10/Nov/26,11/Nov/26,SMS-MVP-1.0,To Do
1091,1016,Task,QAT: Load testing of concurrent test delivery,"Goal: Model a full mock-test cohort submitting at the same minute. | Epic goal: Nothing reaches a school or a student untested, and a regression run gives confidence to ship any day. | Sprint goal (Sprint 7): All question types, exam configs, NEET migrated onto new core. | Done when: reviewed, unit and integration tested, acceptance criteria met, documentation updated, deployed to staging, QA signed off, no open P1 or P2 defects.",Highest,cross-cutting,devops-qa,phase1,QA; Security & Performance,JD1,project-lead,2,28800,Sprint 7,16/Nov/26,16/Nov/26,SMS-MVP-1.0,To Do
1092,1014,Task,"CNT: Question generation and review - batch 4, JEE Advanced partial-marking items","Goal: Slowest items to verify. Scheduled last deliberately - if throughput slips, this is the batch that moves to Phase 2. | Epic goal: Enough verified, correctly tagged questions per exam that a student can sit a realistic full-length mock. | Sprint goal (Sprint 7): All question types, exam configs, NEET migrated onto new core. | Done when: reviewed, unit and integration tested, acceptance criteria met, documentation updated, deployed to staging, QA signed off, no open P1 or P2 defects.",High,assessment-tool,devops-qa,phase1,Content Production & Review,JD1,project-lead,5,100800,Sprint 7,17/Nov/26,20/Nov/26,ASSESS-1.0,To Do
1093,1014,Task,"CNT: Question generation and review - batch 3, UGC-NET CS and Education","Goal: Simplest scoring (no negative marking), so highest content throughput per reviewer-day. | Epic goal: Enough verified, correctly tagged questions per exam that a student can sit a realistic full-length mock. | Sprint goal (Sprint 7): All question types, exam configs, NEET migrated onto new core. | Done when: reviewed, unit and integration tested, acceptance criteria met, documentation updated, deployed to staging, QA signed off, no open P1 or P2 defects.",High,assessment-tool,research-content,phase1,Content Production & Review,JD2,project-lead,5,100800,Sprint 7,16/Nov/26,19/Nov/26,ASSESS-1.0,To Do
1094,1012,Story,"ASM: Test delivery UI - timer, section navigation, save and review","Goal: Mark for review, section switching, auto-save, resilient to refresh and network loss. | Epic goal: One engine that runs any exam as configuration, so adding a new exam costs days rather than weeks. | Sprint goal (Sprint 7): All question types, exam configs, NEET migrated onto new core. | Done when: reviewed, unit and integration tested, acceptance criteria met, documentation updated, deployed to staging, QA signed off, no open P1 or P2 defects.",Highest,assessment-tool,backend,phase1,Assessment Engine Core,SD1,project-lead,2,28800,Sprint 7,16/Nov/26,16/Nov/26,ASSESS-1.0,To Do
1095,1012,Story,ASM: Candidate result and analytics dashboard,"Goal: Deliver candidate result and analytics dashboard to the team's definition of done. | Epic goal: One engine that runs any exam as configuration, so adding a new exam costs days rather than weeks. | Sprint goal (Sprint 7): All question types, exam configs, NEET migrated onto new core. | Done when: reviewed, unit and integration tested, acceptance criteria met, documentation updated, deployed to staging, QA signed off, no open P1 or P2 defects.",High,assessment-tool,backend,phase1,Assessment Engine Core,SD1,project-lead,2,28800,Sprint 7,17/Nov/26,17/Nov/26,ASSESS-1.0,To Do
1096,1016,Task,QAT: Assessment engine test suite - every question type and marking rule,"Goal: One test per (exam, question type, answer state). This suite is what lets you add an exam later without fear. | Epic goal: Nothing reaches a school or a student untested, and a regression run gives confidence to ship any day. | Sprint goal (Sprint 7): All question types, exam configs, NEET migrated onto new core. | Done when: reviewed, unit and integration tested, acceptance criteria met, documentation updated, deployed to staging, QA signed off, no open P1 or P2 defects.",Highest,cross-cutting,backend,phase1,QA; Security & Performance,SD1,project-lead,3,72000,Sprint 7,18/Nov/26,20/Nov/26,SMS-MVP-1.0,To Do
1097,1012,Story,"ASM: Result computation, scoring, rank and analytics API","Goal: Sectional and overall scoring, percentile, topic-wise strength report. | Epic goal: One engine that runs any exam as configuration, so adding a new exam costs days rather than weeks. | Sprint goal (Sprint 7): All question types, exam configs, NEET migrated onto new core. | Done when: reviewed, unit and integration tested, acceptance criteria met, documentation updated, deployed to staging, QA signed off, no open P1 or P2 defects.",Highest,assessment-tool,frontend,phase1,Assessment Engine Core,SD2,project-lead,2,28800,Sprint 7,16/Nov/26,16/Nov/26,ASSESS-1.0,To Do
1098,1012,Story,ASM: Migrate the NEET engine onto the new config-driven core + regression,"Goal: NEET becomes configuration of the same engine. Regression against known NEET results proves the new core is correct before new exams rely on it. | Epic goal: One engine that runs any exam as configuration, so adding a new exam costs days rather than weeks. | Sprint goal (Sprint 7): All question types, exam configs, NEET migrated onto new core. | Done when: reviewed, unit and integration tested, acceptance criteria met, documentation updated, deployed to staging, QA signed off, no open P1 or P2 defects.",Highest,assessment-tool,frontend,phase1,Assessment Engine Core,SD2,project-lead,2,28800,Sprint 7,17/Nov/26,17/Nov/26,ASSESS-1.0,To Do
1099,1013,Story,"EXC: GATE exam configurations - CS, DA and EC","Goal: GA 15 marks + subject 85 marks, three question types, per-type negative marking, virtual calculator enabled. | Epic goal: JEE Main, JEE Advanced, GATE CS/DA/EC and UGC-NET all run correctly as configuration on the shared engine. | Sprint goal (Sprint 7): All question types, exam configs, NEET migrated onto new core. | Done when: reviewed, unit and integration tested, acceptance criteria met, documentation updated, deployed to staging, QA signed off, no open P1 or P2 defects.",Highest,assessment-tool,frontend,phase1,Exam Configurations (JEE/GATE/NET),SD2,project-lead,2,28800,Sprint 7,18/Nov/26,18/Nov/26,ASSESS-1.0,To Do
1100,1013,Story,EXC: JEE Main and JEE Advanced exam configurations,"Goal: JEE Advanced is the hardest case in the product. Model it as pure configuration - if it needs a code change, the abstraction is wrong. | Epic goal: JEE Main, JEE Advanced, GATE CS/DA/EC and UGC-NET all run correctly as configuration on the shared engine. | Sprint goal (Sprint 7): All question types, exam configs, NEET migrated onto new core. | Done when: reviewed, unit and integration tested, acceptance criteria met, documentation updated, deployed to staging, QA signed off, no open P1 or P2 defects.",Highest,assessment-tool,frontend,phase1,Exam Configurations (JEE/GATE/NET),SD2,project-lead,2,28800,Sprint 7,19/Nov/26,19/Nov/26,ASSESS-1.0,To Do
1101,1017,Task,INF: Production hardening and scaling configuration,"Goal: Deliver production hardening and scaling configuration to the team's definition of done. | Epic goal: Deploy and roll back in one command, with monitoring and a restore that has actually been tested. | Sprint goal (Sprint 7): All question types, exam configs, NEET migrated onto new core. | Done when: reviewed, unit and integration tested, acceptance criteria met, documentation updated, deployed to staging, QA signed off, no open P1 or P2 defects.",High,cross-cutting,frontend,phase1,DevOps & Infrastructure,SD2,project-lead,2,28800,Sprint 7,20/Nov/26,20/Nov/26,SMS-MVP-1.0,To Do
1102,1016,Task,QAT: Full regression and UAT cycle across all three products,"Goal: Deliver full regression and UAT cycle across all three products to the team's definition of done. | Epic goal: Nothing reaches a school or a student untested, and a regression run gives confidence to ship any day. | Sprint goal (Sprint 8): Hardening, UAT, deployment and handover before January. | Done when: reviewed, unit and integration tested, acceptance criteria met, documentation updated, deployed to staging, QA signed off, no open P1 or P2 defects.",Highest,cross-cutting,devops-qa,phase1,QA; Security & Performance,JD1,project-lead,3,57600,Sprint 8,25/Nov/26,26/Nov/26,SMS-MVP-1.0,To Do
1103,1017,Task,INF: Production go-live checklist and smoke tests,"Goal: Deliver production go-live checklist and smoke tests to the team's definition of done. | Epic goal: Deploy and roll back in one command, with monitoring and a restore that has actually been tested. | Sprint goal (Sprint 8): Hardening, UAT, deployment and handover before January. | Done when: reviewed, unit and integration tested, acceptance criteria met, documentation updated, deployed to staging, QA signed off, no open P1 or P2 defects.",Highest,cross-cutting,devops-qa,phase1,DevOps & Infrastructure,JD1,project-lead,2,28800,Sprint 8,27/Nov/26,27/Nov/26,SMS-MVP-1.0,To Do
1104,1018,Task,HND: User manuals and quick-reference guides,"Goal: Separate guides for admin, teacher, office staff and parent. | Epic goal: The customer can run the product without us, and we can support them when they cannot. | Sprint goal (Sprint 8): Hardening, UAT, deployment and handover before January. | Done when: reviewed, unit and integration tested, acceptance criteria met, documentation updated, deployed to staging, QA signed off, no open P1 or P2 defects.",High,cross-cutting,devops-qa,phase1,Handover; Docs & Hypercare,JD1,project-lead,2,43200,Sprint 8,30/Nov/26,01/Dec/26,SMS-MVP-1.0,To Do
1105,1018,Task,HND: Support runbook and escalation SLA,"Goal: Deliver support runbook and escalation SLA to the team's definition of done. | Epic goal: The customer can run the product without us, and we can support them when they cannot. | Sprint goal (Sprint 8): Hardening, UAT, deployment and handover before January. | Done when: reviewed, unit and integration tested, acceptance criteria met, documentation updated, deployed to staging, QA signed off, no open P1 or P2 defects.",High,cross-cutting,research-content,phase1,Handover; Docs & Hypercare,JD2,project-lead,1,14400,Sprint 8,25/Nov/26,25/Nov/26,SMS-MVP-1.0,To Do
1106,1014,Task,CNT: Final content QA and answer-key verification sweep,"Goal: Last check before any student sees a question. | Epic goal: Enough verified, correctly tagged questions per exam that a student can sit a realistic full-length mock. | Sprint goal (Sprint 8): Hardening, UAT, deployment and handover before January. | Done when: reviewed, unit and integration tested, acceptance criteria met, documentation updated, deployed to staging, QA signed off, no open P1 or P2 defects.",Highest,assessment-tool,research-content,phase1,Content Production & Review,JD2,project-lead,3,72000,Sprint 8,25/Nov/26,27/Nov/26,ASSESS-1.0,To Do
1107,1018,Task,HND: Parent and student onboarding material,"Goal: Deliver parent and student onboarding material to the team's definition of done. | Epic goal: The customer can run the product without us, and we can support them when they cannot. | Sprint goal (Sprint 8): Hardening, UAT, deployment and handover before January. | Done when: reviewed, unit and integration tested, acceptance criteria met, documentation updated, deployed to staging, QA signed off, no open P1 or P2 defects.",Medium,cross-cutting,research-content,phase1,Handover; Docs & Hypercare,JD2,project-lead,1,14400,Sprint 8,30/Nov/26,30/Nov/26,SMS-MVP-1.0,To Do
1108,1013,Story,EXC: UGC-NET exam configurations - Computer Science and Education,"Goal: Paper 1 (50Q) + Paper 2 (100Q), +2/0, no negative marking. | Epic goal: JEE Main, JEE Advanced, GATE CS/DA/EC and UGC-NET all run correctly as configuration on the shared engine. | Sprint goal (Sprint 8): Hardening, UAT, deployment and handover before January. | Done when: reviewed, unit and integration tested, acceptance criteria met, documentation updated, deployed to staging, QA signed off, no open P1 or P2 defects.",High,assessment-tool,backend,phase1,Exam Configurations (JEE/GATE/NET),SD1,project-lead,2,28800,Sprint 8,25/Nov/26,25/Nov/26,ASSESS-1.0,To Do
1109,1018,Task,HND: Production deployment and cutover support,"Goal: Deliver production deployment and cutover support to the team's definition of done. | Epic goal: The customer can run the product without us, and we can support them when they cannot. | Sprint goal (Sprint 8): Hardening, UAT, deployment and handover before January. | Done when: reviewed, unit and integration tested, acceptance criteria met, documentation updated, deployed to staging, QA signed off, no open P1 or P2 defects.",Highest,cross-cutting,backend,phase1,Handover; Docs & Hypercare,SD1,project-lead,2,43200,Sprint 8,26/Nov/26,27/Nov/26,SMS-MVP-1.0,To Do
1110,1018,Task,HND: Handover walkthrough and customer sign-off,"Goal: Handover completed before January, as required. | Epic goal: The customer can run the product without us, and we can support them when they cannot. | Sprint goal (Sprint 8): Hardening, UAT, deployment and handover before January. | Done when: reviewed, unit and integration tested, acceptance criteria met, documentation updated, deployed to staging, QA signed off, no open P1 or P2 defects.",Highest,cross-cutting,backend,phase1,Handover; Docs & Hypercare,SD1,project-lead,2,43200,Sprint 8,27/Nov/26,30/Nov/26,SMS-MVP-1.0,To Do
1111,1018,Task,"HND: Technical documentation, API docs and architecture notes","Goal: What a new developer needs to be productive in Phase 2. | Epic goal: The customer can run the product without us, and we can support them when they cannot. | Sprint goal (Sprint 8): Hardening, UAT, deployment and handover before January. | Done when: reviewed, unit and integration tested, acceptance criteria met, documentation updated, deployed to staging, QA signed off, no open P1 or P2 defects.",High,cross-cutting,frontend,phase1,Handover; Docs & Hypercare,SD2,project-lead,2,43200,Sprint 8,25/Nov/26,26/Nov/26,SMS-MVP-1.0,To Do
1112,1012,Story,ASM: Virtual calculator for GATE,"Goal: GATE supplies an on-screen calculator; a realistic mock must too. | Epic goal: One engine that runs any exam as configuration, so adding a new exam costs days rather than weeks. | Sprint goal (Sprint 8): Hardening, UAT, deployment and handover before January. | Done when: reviewed, unit and integration tested, acceptance criteria met, documentation updated, deployed to staging, QA signed off, no open P1 or P2 defects.",High,assessment-tool,frontend,phase1,Assessment Engine Core,SD2,project-lead,2,28800,Sprint 8,26/Nov/26,27/Nov/26,ASSESS-1.0,To Do
1113,1018,Task,HND: UAT defect fixes - assessment tool and QPG,"Goal: Deliver uAT defect fixes - assessment tool and QPG to the team's definition of done. | Epic goal: The customer can run the product without us, and we can support them when they cannot. | Sprint goal (Sprint 8): Hardening, UAT, deployment and handover before January. | Done when: reviewed, unit and integration tested, acceptance criteria met, documentation updated, deployed to staging, QA signed off, no open P1 or P2 defects.",Highest,cross-cutting,frontend,phase1,Handover; Docs & Hypercare,SD2,project-lead,2,43200,Sprint 8,27/Nov/26,30/Nov/26,SMS-MVP-1.0,To Do
1114,1018,Task,HND: Post-go-live hypercare and defect triage,"Goal: 30-60 days of dedicated support after handover. P1 in 30 minutes, resolve in 4 hours. | Epic goal: The customer can run the product without us, and we can support them when they cannot. | Sprint goal (Sprint 9): Hypercare + React Native / Expo scaffold. | Done when: reviewed, unit and integration tested, acceptance criteria met, documentation updated, deployed to staging, QA signed off, no open P1 or P2 defects.",Highest,cross-cutting,devops-qa,phase2,Handover; Docs & Hypercare,JD1,project-lead,3,57600,Sprint 9,03/Dec/26,04/Dec/26,SMS-MVP-1.0,To Do
1115,1014,Task,CNT: Content batch 5 - expand JEE and GATE question banks,"Goal: Deliver content batch 5 - expand JEE and GATE question banks to the team's definition of done. | Epic goal: Enough verified, correctly tagged questions per exam that a student can sit a realistic full-length mock. | Sprint goal (Sprint 9): Hypercare + React Native / Expo scaffold. | Done when: reviewed, unit and integration tested, acceptance criteria met, documentation updated, deployed to staging, QA signed off, no open P1 or P2 defects.",Medium,assessment-tool,research-content,phase2,Content Production & Review,JD2,project-lead,3,72000,Sprint 9,03/Dec/26,07/Dec/26,ASSESS-1.0,To Do
1116,1019,Story,MOB: React Native / Expo scaffold and shared API client extraction,"Goal: Because the web app is React + TypeScript, types, validation schemas and API client port across without a rewrite. | Epic goal: The web products run as real mobile apps, built from the same logic layer rather than rewritten. | Sprint goal (Sprint 9): Hypercare + React Native / Expo scaffold. | Done when: reviewed, unit and integration tested, acceptance criteria met, documentation updated, deployed to staging, QA signed off, no open P1 or P2 defects.",High,mobile,backend,phase2,Phase 2 - Mobile (vibe coding),SD1,project-lead,2,28800,Sprint 9,03/Dec/26,03/Dec/26,MOBILE-1.0,To Do
1117,1019,Story,"MOB: Parent app screens - attendance, fees, circulars, results","Goal: Deliver parent app screens - attendance, fees, circulars, results to the team's definition of done. | Epic goal: The web products run as real mobile apps, built from the same logic layer rather than rewritten. | Sprint goal (Sprint 9): Hypercare + React Native / Expo scaffold. | Done when: reviewed, unit and integration tested, acceptance criteria met, documentation updated, deployed to staging, QA signed off, no open P1 or P2 defects.",High,mobile,backend,phase2,Phase 2 - Mobile (vibe coding),SD1,project-lead,2,28800,Sprint 9,04/Dec/26,04/Dec/26,MOBILE-1.0,To Do
1118,1019,Story,MOB: Mobile CI/CD with EAS build and device test matrix,"Goal: Deliver mobile CI/CD with EAS build and device test matrix to the team's definition of done. | Epic goal: The web products run as real mobile apps, built from the same logic layer rather than rewritten. | Sprint goal (Sprint 9): Hypercare + React Native / Expo scaffold. | Done when: reviewed, unit and integration tested, acceptance criteria met, documentation updated, deployed to staging, QA signed off, no open P1 or P2 defects.",High,mobile,backend,phase2,Phase 2 - Mobile (vibe coding),SD1,project-lead,2,28800,Sprint 9,07/Dec/26,07/Dec/26,MOBILE-1.0,To Do
1119,1019,Story,"MOB: Mobile auth, secure token storage and session handling","Goal: Deliver mobile auth, secure token storage and session handling to the team's definition of done. | Epic goal: The web products run as real mobile apps, built from the same logic layer rather than rewritten. | Sprint goal (Sprint 9): Hypercare + React Native / Expo scaffold. | Done when: reviewed, unit and integration tested, acceptance criteria met, documentation updated, deployed to staging, QA signed off, no open P1 or P2 defects.",High,mobile,frontend,phase2,Phase 2 - Mobile (vibe coding),SD2,project-lead,2,28800,Sprint 9,03/Dec/26,03/Dec/26,MOBILE-1.0,To Do
1120,1019,Story,MOB: Mobile design system port and navigation shell,"Goal: Deliver mobile design system port and navigation shell to the team's definition of done. | Epic goal: The web products run as real mobile apps, built from the same logic layer rather than rewritten. | Sprint goal (Sprint 9): Hypercare + React Native / Expo scaffold. | Done when: reviewed, unit and integration tested, acceptance criteria met, documentation updated, deployed to staging, QA signed off, no open P1 or P2 defects.",High,mobile,frontend,phase2,Phase 2 - Mobile (vibe coding),SD2,project-lead,2,28800,Sprint 9,04/Dec/26,04/Dec/26,MOBILE-1.0,To Do
1121,1019,Story,MOB: Pilot feedback synthesis and Phase 2 backlog grooming,"Goal: Deferred core-level items from the pilot get scoped here - this is the phase they were promised to. | Epic goal: The web products run as real mobile apps, built from the same logic layer rather than rewritten. | Sprint goal (Sprint 9): Hypercare + React Native / Expo scaffold. | Done when: reviewed, unit and integration tested, acceptance criteria met, documentation updated, deployed to staging, QA signed off, no open P1 or P2 defects.",High,mobile,frontend,phase2,Phase 2 - Mobile (vibe coding),SD2,project-lead,2,28800,Sprint 9,07/Dec/26,07/Dec/26,MOBILE-1.0,To Do
1122,1016,Task,QAT: Mobile regression and performance testing,"Goal: Deliver mobile regression and performance testing to the team's definition of done. | Epic goal: Nothing reaches a school or a student untested, and a regression run gives confidence to ship any day. | Sprint goal (Sprint 10): Assessment tool on mobile. | Done when: reviewed, unit and integration tested, acceptance criteria met, documentation updated, deployed to staging, QA signed off, no open P1 or P2 defects.",High,cross-cutting,devops-qa,phase2,QA; Security & Performance,JD1,project-lead,3,72000,Sprint 10,09/Dec/26,11/Dec/26,SMS-MVP-1.0,To Do
1123,1014,Task,CNT: Content batch 6 - UGC-NET and JEE Advanced expansion,"Goal: Deliver content batch 6 - UGC-NET and JEE Advanced expansion to the team's definition of done. | Epic goal: Enough verified, correctly tagged questions per exam that a student can sit a realistic full-length mock. | Sprint goal (Sprint 10): Assessment tool on mobile. | Done when: reviewed, unit and integration tested, acceptance criteria met, documentation updated, deployed to staging, QA signed off, no open P1 or P2 defects.",Medium,assessment-tool,research-content,phase2,Content Production & Review,JD2,project-lead,5,100800,Sprint 10,09/Dec/26,14/Dec/26,ASSESS-1.0,To Do
1124,1019,Story,MOB: Push notification service,"Goal: Deliver push notification service to the team's definition of done. | Epic goal: The web products run as real mobile apps, built from the same logic layer rather than rewritten. | Sprint goal (Sprint 10): Assessment tool on mobile. | Done when: reviewed, unit and integration tested, acceptance criteria met, documentation updated, deployed to staging, QA signed off, no open P1 or P2 defects.",Medium,mobile,backend,phase2,Phase 2 - Mobile (vibe coding),SD1,project-lead,2,28800,Sprint 10,09/Dec/26,09/Dec/26,MOBILE-1.0,To Do
1125,1016,Task,QAT: Accessibility and device compatibility pass,"Goal: Deliver accessibility and device compatibility pass to the team's definition of done. | Epic goal: Nothing reaches a school or a student untested, and a regression run gives confidence to ship any day. | Sprint goal (Sprint 10): Assessment tool on mobile. | Done when: reviewed, unit and integration tested, acceptance criteria met, documentation updated, deployed to staging, QA signed off, no open P1 or P2 defects.",Medium,cross-cutting,backend,phase2,QA; Security & Performance,SD1,project-lead,3,57600,Sprint 10,10/Dec/26,11/Dec/26,SMS-MVP-1.0,To Do
1126,1019,Story,MOB: Mobile UX research with pilot users,"Goal: Deliver mobile UX research with pilot users to the team's definition of done. | Epic goal: The web products run as real mobile apps, built from the same logic layer rather than rewritten. | Sprint goal (Sprint 10): Assessment tool on mobile. | Done when: reviewed, unit and integration tested, acceptance criteria met, documentation updated, deployed to staging, QA signed off, no open P1 or P2 defects.",Medium,mobile,backend,phase2,Phase 2 - Mobile (vibe coding),SD1,project-lead,2,28800,Sprint 10,14/Dec/26,14/Dec/26,MOBILE-1.0,To Do
1127,1019,Story,MOB: Assessment tool on mobile - test delivery engine port,"Goal: Deliver assessment tool on mobile - test delivery engine port to the team's definition of done. | Epic goal: The web products run as real mobile apps, built from the same logic layer rather than rewritten. | Sprint goal (Sprint 10): Assessment tool on mobile. | Done when: reviewed, unit and integration tested, acceptance criteria met, documentation updated, deployed to staging, QA signed off, no open P1 or P2 defects.",High,mobile,frontend,phase2,Phase 2 - Mobile (vibe coding),SD2,project-lead,2,43200,Sprint 10,09/Dec/26,10/Dec/26,MOBILE-1.0,To Do
1128,1019,Story,MOB: Assessment mobile UI - question-type renderers,"Goal: Deliver assessment mobile UI - question-type renderers to the team's definition of done. | Epic goal: The web products run as real mobile apps, built from the same logic layer rather than rewritten. | Sprint goal (Sprint 10): Assessment tool on mobile. | Done when: reviewed, unit and integration tested, acceptance criteria met, documentation updated, deployed to staging, QA signed off, no open P1 or P2 defects.",High,mobile,frontend,phase2,Phase 2 - Mobile (vibe coding),SD2,project-lead,2,43200,Sprint 10,10/Dec/26,11/Dec/26,MOBILE-1.0,To Do
1129,1019,Story,MOB: Student result and analytics screens on mobile,"Goal: Deliver student result and analytics screens on mobile to the team's definition of done. | Epic goal: The web products run as real mobile apps, built from the same logic layer rather than rewritten. | Sprint goal (Sprint 10): Assessment tool on mobile. | Done when: reviewed, unit and integration tested, acceptance criteria met, documentation updated, deployed to staging, QA signed off, no open P1 or P2 defects.",Medium,mobile,frontend,phase2,Phase 2 - Mobile (vibe coding),SD2,project-lead,2,28800,Sprint 10,14/Dec/26,14/Dec/26,MOBILE-1.0,To Do
1130,1014,Task,CNT: Content batch 7 - fill syllabus coverage gaps,"Goal: Deliver content batch 7 - fill syllabus coverage gaps to the team's definition of done. | Epic goal: Enough verified, correctly tagged questions per exam that a student can sit a realistic full-length mock. | Sprint goal (Sprint 11): Deferred core items + teacher app. | Done when: reviewed, unit and integration tested, acceptance criteria met, documentation updated, deployed to staging, QA signed off, no open P1 or P2 defects.",Medium,assessment-tool,devops-qa,phase2,Content Production & Review,JD1,project-lead,5,100800,Sprint 11,16/Dec/26,21/Dec/26,ASSESS-1.0,To Do
1131,1007,Task,CMP: Compliance review - children's data on mobile,"Goal: Push notifications and device identifiers change the DPDP picture. Re-check before store submission. | Epic goal: Verifiable parental consent and a full audit trail are in the product before the first child record exists. | Sprint goal (Sprint 11): Deferred core items + teacher app. | Done when: reviewed, unit and integration tested, acceptance criteria met, documentation updated, deployed to staging, QA signed off, no open P1 or P2 defects.",Highest,school-management,research-content,phase2,DPDP Compliance & Child Data Safety,JD2,project-lead,5,100800,Sprint 11,16/Dec/26,21/Dec/26,SMS-MVP-1.0,To Do
1132,1019,Story,MOB: Teacher app - attendance and marks entry on mobile,"Goal: Deliver teacher app - attendance and marks entry on mobile to the team's definition of done. | Epic goal: The web products run as real mobile apps, built from the same logic layer rather than rewritten. | Sprint goal (Sprint 11): Deferred core items + teacher app. | Done when: reviewed, unit and integration tested, acceptance criteria met, documentation updated, deployed to staging, QA signed off, no open P1 or P2 defects.",High,mobile,backend,phase2,Phase 2 - Mobile (vibe coding),SD1,project-lead,2,43200,Sprint 11,16/Dec/26,17/Dec/26,MOBILE-1.0,To Do
1133,1016,Task,QAT: Security review and load test for the mobile API,"Goal: Deliver security review and load test for the mobile API to the team's definition of done. | Epic goal: Nothing reaches a school or a student untested, and a regression run gives confidence to ship any day. | Sprint goal (Sprint 11): Deferred core items + teacher app. | Done when: reviewed, unit and integration tested, acceptance criteria met, documentation updated, deployed to staging, QA signed off, no open P1 or P2 defects.",High,cross-cutting,backend,phase2,QA; Security & Performance,SD1,project-lead,3,72000,Sprint 11,17/Dec/26,21/Dec/26,SMS-MVP-1.0,To Do
1134,1019,Story,"MOB: Store assets, privacy declarations and app signing","Goal: Apple Guideline 4.1 and vague permission declarations are the commonest rejection causes. Prepare these properly. | Epic goal: The web products run as real mobile apps, built from the same logic layer rather than rewritten. | Sprint goal (Sprint 11): Deferred core items + teacher app. | Done when: reviewed, unit and integration tested, acceptance criteria met, documentation updated, deployed to staging, QA signed off, no open P1 or P2 defects.",High,mobile,backend,phase2,Phase 2 - Mobile (vibe coding),SD1,project-lead,2,43200,Sprint 11,22/Dec/26,23/Dec/26,MOBILE-1.0,To Do
1135,1019,Story,MOB: Deferred core-level School MMS items from the pilot,"Goal: The changes deliberately pushed out of Phase 1 when the core was frozen. | Epic goal: The web products run as real mobile apps, built from the same logic layer rather than rewritten. | Sprint goal (Sprint 11): Deferred core items + teacher app. | Done when: reviewed, unit and integration tested, acceptance criteria met, documentation updated, deployed to staging, QA signed off, no open P1 or P2 defects.",High,mobile,frontend,phase2,Phase 2 - Mobile (vibe coding),SD2,project-lead,2,43200,Sprint 11,16/Dec/26,17/Dec/26,MOBILE-1.0,To Do
1136,1019,Story,MOB: Offline mode and sync for attendance marking,"Goal: Schools lose connectivity. Offline attendance is the most requested field feature. | Epic goal: The web products run as real mobile apps, built from the same logic layer rather than rewritten. | Sprint goal (Sprint 11): Deferred core items + teacher app. | Done when: reviewed, unit and integration tested, acceptance criteria met, documentation updated, deployed to staging, QA signed off, no open P1 or P2 defects.",High,mobile,frontend,phase2,Phase 2 - Mobile (vibe coding),SD2,project-lead,2,43200,Sprint 11,17/Dec/26,18/Dec/26,MOBILE-1.0,To Do
1137,1019,Story,MOB: Question Paper Generator mobile view (read-only),"Goal: Deliver question Paper Generator mobile view (read-only) to the team's definition of done. | Epic goal: The web products run as real mobile apps, built from the same logic layer rather than rewritten. | Sprint goal (Sprint 11): Deferred core items + teacher app. | Done when: reviewed, unit and integration tested, acceptance criteria met, documentation updated, deployed to staging, QA signed off, no open P1 or P2 defects.",Medium,mobile,frontend,phase2,Phase 2 - Mobile (vibe coding),SD2,project-lead,2,43200,Sprint 11,21/Dec/26,22/Dec/26,MOBILE-1.0,To Do
1138,1016,Task,QAT: Beta distribution (TestFlight / Play internal) and feedback loop,"Goal: Deliver beta distribution (TestFlight / Play internal) and feedback loop to the team's definition of done. | Epic goal: Nothing reaches a school or a student untested, and a regression run gives confidence to ship any day. | Sprint goal (Sprint 12): Beta, store submission and review buffer. | Done when: reviewed, unit and integration tested, acceptance criteria met, documentation updated, deployed to staging, QA signed off, no open P1 or P2 defects.",High,cross-cutting,devops-qa,phase2,QA; Security & Performance,JD1,project-lead,3,72000,Sprint 12,28/Dec/26,30/Dec/26,SMS-MVP-1.0,To Do
1139,1014,Task,CNT: Content batch 8 - mock test assembly per exam,"Goal: Deliver content batch 8 - mock test assembly per exam to the team's definition of done. | Epic goal: Enough verified, correctly tagged questions per exam that a student can sit a realistic full-length mock. | Sprint goal (Sprint 12): Beta, store submission and review buffer. | Done when: reviewed, unit and integration tested, acceptance criteria met, documentation updated, deployed to staging, QA signed off, no open P1 or P2 defects.",Medium,assessment-tool,research-content,phase2,Content Production & Review,JD2,project-lead,5,100800,Sprint 12,28/Dec/26,31/Dec/26,ASSESS-1.0,To Do
1140,1019,Story,MOB: UI polish and beta feedback fixes,"Goal: Deliver uI polish and beta feedback fixes to the team's definition of done. | Epic goal: The web products run as real mobile apps, built from the same logic layer rather than rewritten. | Sprint goal (Sprint 12): Beta, store submission and review buffer. | Done when: reviewed, unit and integration tested, acceptance criteria met, documentation updated, deployed to staging, QA signed off, no open P1 or P2 defects.",High,mobile,backend,phase2,Phase 2 - Mobile (vibe coding),SD1,project-lead,2,43200,Sprint 12,28/Dec/26,29/Dec/26,MOBILE-1.0,To Do
1141,1017,Task,"INF: Crash reporting, analytics and release monitoring","Goal: Deliver crash reporting, analytics and release monitoring to the team's definition of done. | Epic goal: Deploy and roll back in one command, with monitoring and a restore that has actually been tested. | Sprint goal (Sprint 12): Beta, store submission and review buffer. | Done when: reviewed, unit and integration tested, acceptance criteria met, documentation updated, deployed to staging, QA signed off, no open P1 or P2 defects.",High,cross-cutting,backend,phase2,DevOps & Infrastructure,SD1,project-lead,3,57600,Sprint 12,29/Dec/26,31/Dec/26,SMS-MVP-1.0,To Do
1142,1019,Story,MOB: Beta user recruitment and feedback synthesis,"Goal: Deliver beta user recruitment and feedback synthesis to the team's definition of done. | Epic goal: The web products run as real mobile apps, built from the same logic layer rather than rewritten. | Sprint goal (Sprint 12): Beta, store submission and review buffer. | Done when: reviewed, unit and integration tested, acceptance criteria met, documentation updated, deployed to staging, QA signed off, no open P1 or P2 defects.",Medium,mobile,backend,phase2,Phase 2 - Mobile (vibe coding),SD1,project-lead,2,43200,Sprint 12,31/Dec/26,04/Jan/27,MOBILE-1.0,To Do
1143,1019,Story,MOB: App store submission and rejection-fix cycle,"Goal: Third-party trackers report iOS review stretching to 7-30+ days in 2026 while Apple cites 1.5 days average. Budget for the slow case. | Epic goal: The web products run as real mobile apps, built from the same logic layer rather than rewritten. | Sprint goal (Sprint 12): Beta, store submission and review buffer. | Done when: reviewed, unit and integration tested, acceptance criteria met, documentation updated, deployed to staging, QA signed off, no open P1 or P2 defects.",High,mobile,frontend,phase2,Phase 2 - Mobile (vibe coding),SD2,project-lead,2,43200,Sprint 12,28/Dec/26,29/Dec/26,MOBILE-1.0,To Do
1144,1019,Story,MOB: API versioning and backward compatibility for shipped apps,"Goal: Once an app is installed you cannot force everyone to upgrade. | Epic goal: The web products run as real mobile apps, built from the same logic layer rather than rewritten. | Sprint goal (Sprint 12): Beta, store submission and review buffer. | Done when: reviewed, unit and integration tested, acceptance criteria met, documentation updated, deployed to staging, QA signed off, no open P1 or P2 defects.",High,mobile,frontend,phase2,Phase 2 - Mobile (vibe coding),SD2,project-lead,2,43200,Sprint 12,29/Dec/26,30/Dec/26,MOBILE-1.0,To Do
1145,1019,Story,MOB: Mobile onboarding flow,"Goal: Deliver mobile onboarding flow to the team's definition of done. | Epic goal: The web products run as real mobile apps, built from the same logic layer rather than rewritten. | Sprint goal (Sprint 12): Beta, store submission and review buffer. | Done when: reviewed, unit and integration tested, acceptance criteria met, documentation updated, deployed to staging, QA signed off, no open P1 or P2 defects.",Medium,mobile,frontend,phase2,Phase 2 - Mobile (vibe coding),SD2,project-lead,2,43200,Sprint 12,31/Dec/26,04/Jan/27,MOBILE-1.0,To Do
1146,1014,Task,CNT: Content batch 9 - difficulty rebalancing from attempt data,"Goal: Real attempt data beats predicted difficulty. Recalibrate once students have sat mocks. | Epic goal: Enough verified, correctly tagged questions per exam that a student can sit a realistic full-length mock. | Sprint goal (Sprint 13): Public release + second school onboarding. | Done when: reviewed, unit and integration tested, acceptance criteria met, documentation updated, deployed to staging, QA signed off, no open P1 or P2 defects.",Medium,assessment-tool,devops-qa,phase2,Content Production & Review,JD1,project-lead,5,100800,Sprint 13,07/Jan/27,12/Jan/27,ASSESS-1.0,To Do
1147,1008,Story,PLT: Second school onboarding - multi-tenant validation,"Goal: Proves the product is a product, not a bespoke build for one school. | Epic goal: One real school runs on the product, with migrated data, trained staff and a signed go-live. | Sprint goal (Sprint 13): Public release + second school onboarding. | Done when: reviewed, unit and integration tested, acceptance criteria met, documentation updated, deployed to staging, QA signed off, no open P1 or P2 defects.",High,school-management,research-content,phase2,Pilot School & Rollout,JD2,project-lead,8,115200,Sprint 13,07/Jan/27,12/Jan/27,SMS-MVP-1.0,To Do
1148,1006,Story,SMS-PRT: New features requested by the pilot school (no core changes),"Goal: Deliver new features requested by the pilot school (no core changes) to the team's definition of done. | Epic goal: Parents and students see attendance, fees, marks and circulars without calling the school office. | Sprint goal (Sprint 13): Public release + second school onboarding. | Done when: reviewed, unit and integration tested, acceptance criteria met, documentation updated, deployed to staging, QA signed off, no open P1 or P2 defects.",Medium,school-management,backend,phase2,School MMS - Timetable; Portal & Comms,SD1,project-lead,2,43200,Sprint 13,07/Jan/27,08/Jan/27,SMS-MVP-1.0,To Do
1149,1017,Task,"INF: Public release, monitoring and rollback readiness","Goal: Deliver public release, monitoring and rollback readiness to the team's definition of done. | Epic goal: Deploy and roll back in one command, with monitoring and a restore that has actually been tested. | Sprint goal (Sprint 13): Public release + second school onboarding. | Done when: reviewed, unit and integration tested, acceptance criteria met, documentation updated, deployed to staging, QA signed off, no open P1 or P2 defects.",Highest,cross-cutting,backend,phase2,DevOps & Infrastructure,SD1,project-lead,3,57600,Sprint 13,08/Jan/27,12/Jan/27,SMS-MVP-1.0,To Do
1150,1018,Task,HND: Runbook and support documentation update,"Goal: Deliver runbook and support documentation update to the team's definition of done. | Epic goal: The customer can run the product without us, and we can support them when they cannot. | Sprint goal (Sprint 13): Public release + second school onboarding. | Done when: reviewed, unit and integration tested, acceptance criteria met, documentation updated, deployed to staging, QA signed off, no open P1 or P2 defects.",Medium,cross-cutting,backend,phase2,Handover; Docs & Hypercare,SD1,project-lead,5,86400,Sprint 13,12/Jan/27,19/Jan/27,SMS-MVP-1.0,To Do
1151,1019,Story,MOB: Performance tuning after beta,"Goal: Deliver performance tuning after beta to the team's definition of done. | Epic goal: The web products run as real mobile apps, built from the same logic layer rather than rewritten. | Sprint goal (Sprint 13): Public release + second school onboarding. | Done when: reviewed, unit and integration tested, acceptance criteria met, documentation updated, deployed to staging, QA signed off, no open P1 or P2 defects.",High,mobile,frontend,phase2,Phase 2 - Mobile (vibe coding),SD2,project-lead,2,43200,Sprint 13,07/Jan/27,08/Jan/27,MOBILE-1.0,To Do
1152,1019,Story,MOB: Beta feedback fixes and release candidate,"Goal: Deliver beta feedback fixes and release candidate to the team's definition of done. | Epic goal: The web products run as real mobile apps, built from the same logic layer rather than rewritten. | Sprint goal (Sprint 13): Public release + second school onboarding. | Done when: reviewed, unit and integration tested, acceptance criteria met, documentation updated, deployed to staging, QA signed off, no open P1 or P2 defects.",High,mobile,frontend,phase2,Phase 2 - Mobile (vibe coding),SD2,project-lead,2,43200,Sprint 13,08/Jan/27,11/Jan/27,MOBILE-1.0,To Do
1153,1018,Task,HND: Training material for onboarding new schools,"Goal: Deliver training material for onboarding new schools to the team's definition of done. | Epic goal: The customer can run the product without us, and we can support them when they cannot. | Sprint goal (Sprint 13): Public release + second school onboarding. | Done when: reviewed, unit and integration tested, acceptance criteria met, documentation updated, deployed to staging, QA signed off, no open P1 or P2 defects.",Medium,cross-cutting,frontend,phase2,Handover; Docs & Hypercare,SD2,project-lead,5,86400,Sprint 13,12/Jan/27,18/Jan/27,SMS-MVP-1.0,To Do
1154,1015,Task,RND: Q1 retrospective and Phase 3 backlog,"Goal: Deliver q1 retrospective and Phase 3 backlog to the team's definition of done. | Epic goal: Every exam rule is understood and written down before code is written, so the engine is designed once. | Sprint goal (Sprint 14): Stabilise, audit and plan Phase 3. | Done when: reviewed, unit and integration tested, acceptance criteria met, documentation updated, deployed to staging, QA signed off, no open P1 or P2 defects.",Medium,assessment-tool,devops-qa,phase2,Research & Engine Design,JD1,project-lead,5,86400,Sprint 14,22/Jan/27,27/Jan/27,ASSESS-1.0,To Do
1155,1014,Task,CNT: Question bank audit and coverage gap analysis,"Goal: Deliver question bank audit and coverage gap analysis to the team's definition of done. | Epic goal: Enough verified, correctly tagged questions per exam that a student can sit a realistic full-length mock. | Sprint goal (Sprint 14): Stabilise, audit and plan Phase 3. | Done when: reviewed, unit and integration tested, acceptance criteria met, documentation updated, deployed to staging, QA signed off, no open P1 or P2 defects.",Medium,assessment-tool,research-content,phase2,Content Production & Review,JD2,project-lead,5,100800,Sprint 14,22/Jan/27,28/Jan/27,ASSESS-1.0,To Do
1156,1019,Story,MOB: Phase 3 architecture spike,"Goal: Deliver phase 3 architecture spike to the team's definition of done. | Epic goal: The web products run as real mobile apps, built from the same logic layer rather than rewritten. | Sprint goal (Sprint 14): Stabilise, audit and plan Phase 3. | Done when: reviewed, unit and integration tested, acceptance criteria met, documentation updated, deployed to staging, QA signed off, no open P1 or P2 defects.",Medium,mobile,backend,phase2,Phase 2 - Mobile (vibe coding),SD1,project-lead,2,43200,Sprint 14,22/Jan/27,25/Jan/27,MOBILE-1.0,To Do
1157,1001,Story,FND: Design system v2,"Goal: Deliver design system v2 to the team's definition of done. | Epic goal: A shared, multi-tenant platform base that all three products build on, so nothing is written twice. | Sprint goal (Sprint 14): Stabilise, audit and plan Phase 3. | Done when: reviewed, unit and integration tested, acceptance criteria met, documentation updated, deployed to staging, QA signed off, no open P1 or P2 defects.",Medium,school-management,backend,phase2,Foundation & Shared Platform,SD1,project-lead,2,43200,Sprint 14,25/Jan/27,27/Jan/27,SMS-MVP-1.0,To Do
1158,1016,Task,"QAT: Quarterly security, backup and restore audit","Goal: Deliver quarterly security, backup and restore audit to the team's definition of done. | Epic goal: Nothing reaches a school or a student untested, and a regression run gives confidence to ship any day. | Sprint goal (Sprint 14): Stabilise, audit and plan Phase 3. | Done when: reviewed, unit and integration tested, acceptance criteria met, documentation updated, deployed to staging, QA signed off, no open P1 or P2 defects.",High,cross-cutting,backend,phase2,QA; Security & Performance,SD1,project-lead,3,72000,Sprint 14,28/Jan/27,01/Feb/27,SMS-MVP-1.0,To Do
1159,1017,Task,INF: Technical debt cleanup and dependency upgrades,"Goal: Deliver technical debt cleanup and dependency upgrades to the team's definition of done. | Epic goal: Deploy and roll back in one command, with monitoring and a restore that has actually been tested. | Sprint goal (Sprint 14): Stabilise, audit and plan Phase 3. | Done when: reviewed, unit and integration tested, acceptance criteria met, documentation updated, deployed to staging, QA signed off, no open P1 or P2 defects.",Medium,cross-cutting,frontend,phase2,DevOps & Infrastructure,SD2,project-lead,3,57600,Sprint 14,22/Jan/27,25/Jan/27,SMS-MVP-1.0,To Do
1160,1019,Story,MOB: Phase 3 UX discovery,"Goal: Deliver phase 3 UX discovery to the team's definition of done. | Epic goal: The web products run as real mobile apps, built from the same logic layer rather than rewritten. | Sprint goal (Sprint 14): Stabilise, audit and plan Phase 3. | Done when: reviewed, unit and integration tested, acceptance criteria met, documentation updated, deployed to staging, QA signed off, no open P1 or P2 defects.",Medium,mobile,frontend,phase2,Phase 2 - Mobile (vibe coding),SD2,project-lead,2,43200,Sprint 14,27/Jan/27,28/Jan/27,MOBILE-1.0,To Do
1161,1017,Task,INF: CI/CD and developer experience improvements,"Goal: Deliver cI/CD and developer experience improvements to the team's definition of done. | Epic goal: Deploy and roll back in one command, with monitoring and a restore that has actually been tested. | Sprint goal (Sprint 14): Stabilise, audit and plan Phase 3. | Done when: reviewed, unit and integration tested, acceptance criteria met, documentation updated, deployed to staging, QA signed off, no open P1 or P2 defects.",Medium,cross-cutting,frontend,phase2,DevOps & Infrastructure,SD2,project-lead,3,57600,Sprint 14,28/Jan/27,01/Feb/27,SMS-MVP-1.0,To Do
